"_id","content","name"
"1",":#权志龙# 大噶不要再问啦~视频在这[下]主角是守护天使[允悲]再次被吃瓜龙仔一连串的动作可爱晕[笑cry]@GDRAGON_OFFICIAL LoyaltoG的秒拍视频 ​","LoyaltoG"
"2",":#权志龙##权志龙的权世界# 我喜欢你的名字，还有你笑的样子，全世界最好的款鸡涌，撒浪嘿[爱你][爱你][爱你]@GDRAGON_OFFICIAL  (cr.logo) 权志龍-FOREVER的秒拍视频 ​","权志龍-FOREVER"
"3",":权志龙 噩梦+she's gone 世巡首尔终场 权志龙 噩梦+she's gone 世巡首尔终场 @优酷 ​","本人CoMi"
"4",":不会跳绳 不会拍美食照 爱啃手指甲 有点八卦 喝酒容易醉 没有人是完美的 正是因为有了这些小缺点才显得权志龙更加可爱啊 权志龙就是无比的可爱啊 我真的好想他啊[失望] ​","要会员才能改名"
"5",":#权志龙##一骑绝尘权志龙# 又是想你的一天[抱抱]今天是可爱的太子大人[心][心] ​","权志龙GOODBOY2"
"6",":#一骑绝尘权志龙##权志龙# 呀！款鸡涌[左哼哼]！什么时候更新微博[泪] ​","wuli权先森哇"
"7",":大家好，给大家介绍一下我的老公。陈翔/权志龙/崔胜铉/伦桑/李常超/白敬亭/刘昊然/胡一天/王俊凯我就是一个如此专一又惹人爱的女孩子。 ​","宣子寒"
"8",":#权志龙##权志龙的权世界# 《blue》是在2012年2月发行的歌曲，收录于专辑《Alive》中，哥哥们在2011年经历了很多是非，但是VIP们陪着哥哥们走过了那一段艰难的时期，2012年回归的时候，就用曾受过的磨难作为题材，写出BLUE这首表达他们当时心情的歌曲。冬去春又来，接下来的日子VIP们也要陪哥哥同行哦！#X起义·2018#（E）cr:logo http://t.cn/RQnKfTU","韩都衣舍G-Dragon粉丝团"
"9",":我免费围观了 @林瑠梨 的回答，问题价值 133.00 元，快来一起免费围观~ <br />微博问答:权志龙对郑秀晶和崔雪莉有过好感吗，当时在水晶的ins的点赞是怎么回事？ kiko对于新歌无题 为什么会怒了，小松听了新歌无题又是什么反应？谢谢。 ​","-HooSzeYan-"
"10",":#权志龙# 《狂放》[心]坏男孩的霸气表演[给力] 爱vv有何不可的秒拍视频 ​","GDaisy-posy"
"11",":BIGBANG演唱会《无题》权志龙与粉丝亲密接触，他开口以后，大家都安静细细地在听。 摆动的jazz的秒拍视频 ​","摆动的jazz"
"12","#权志龙# 大噶不要再问啦~视频在这[下]主角是守护天使[允悲]再次被吃瓜龙仔一连串的动作可爱晕[笑cry]@GDRAGON_OFFICIAL LoyaltoG的秒拍视频 ​","G_soohyun"
"13",":做权志龙老婆，费启鸣女朋友。 ​","挑逗·"
"14",":#BIGBANG##权志龙# 日常想念我们奶白香甜龙宝宝，开心每一天[心]@GDRAGON_OFFICIAL  [爱你][爱你][爱你]cr logo ​","天使般笑容的QZL"
"15",":#权志龙##一骑绝尘权志龙# @GDRAGON_OFFICIAL 超级可爱的🐲宝宝 一键开启模式[憧憬][憧憬][憧憬]  ᴄʀ.xᴅʀɢɴxxx[星光]永远支持您一切的决定[星光] ​","AllForGDForever"
"16","#权志龙# 小不点[微笑]@GDRAGON_OFFICIAL ​","韩晶晶oO"
"17",":易烊千玺、吴亦凡、权志龙都留过的 鲻鱼头，你觉得谁是你的菜了？[舔屏] ​","热门搞笑博主"
"18",":权志龙你倒是更新下ig啊！啊！啊！ ​","十月森林地"
"19","@GDRAGON_OFFICIAL [红桃]️[可爱]️[红桃]️#权志龙##KWONJIYONG##권지용##G-DRAGON##HoneyJiyong# ​​​","Moncy_G"
"20",":BIGBANG演唱会《Last dance》权志龙高清饭拍，他一开口全场都安静了。 千里传音乐的秒拍视频 ​","千里传音乐"
"21",":权志龙 我们离婚一分钟吧[拜拜][拜拜]小姐姐 放开那男孩让我来！ 东永裴的大太阳_的秒拍视频 ​","东永裴的大太阳_"
"22",":#权志龙##30天推权志龙挑战# DAY 30 一句最想告诉他的话服兵役好去好回 两年算什么 我们等你[抱抱][心]@GDRAGON_OFFICIAL ​","ETING__530"
"23",":#权志龙##权志龙可爱# 鸡涌啊想你啦@GDRAGON_OFFICIAL ​","龙宝的迷妹"
"24","#权志龙# 2010 big show GD cam让我听见你的声音一丝不苟跳舞的龙，笑容超甜cr.logo 最初时光里的丝绒的秒拍视频 ​","韶华有你幸之"
"25",":kuku0124#权志龙##权志龙现场#171202BB2017CONCERTLASTDANCEINNAGOYAD-1饭拍视频一则cronpicg-dragon吧的秒拍视频[哈哈] ​","世纪星_网络"
"46",":水上跳绳的游戏黑洞——权志龙[doge][doge] ​","ACE_JIYONG"
"26",":权志龙女孩[doge][doge][doge]@GDRAGON_OFFICIAL  @屈大贤_  哈哈哈 ​","爱志龙的大俊吖"
"27","笑容好甜[心]🐲[爱心][爱心][爱心][熊猫] YOYO漾游的秒拍视频 ​","人意薄如云水"
"28",":运气不够拿不到gd的海报 另外却buy了下次去香港带你回来[心][心][心]@GDRAGON_OFFICIAL #权志龙# 香港特区·PMQ 元創方 ​","Cara__xXQ"
"29",":我围观了@林瑠梨 的回答，该问题价值77.99元，围观仅1元，快来一起围观~ <br />微博问答:为何说权志龙已经在包养女友李珠妍？ ​","龙哥委员会代表"
"30","#权志龙#GD在这种环境特别放松 释放压力好地方秒拍视频 ​​​​","把小心心给鸡涌欧巴"
"31",":#权志龙# 这气场真是无敌了，尤其是那段RAP，真是太震撼了[拍手]都说了GD的RaP是世界级的，音乐响起那一瞬间，我要疯了 #X起义·2018#（E）cr:logo 微博视频 ​","韩都衣舍G-Dragon粉丝团"
"32","#权志龙# 吊炸天，真的是帅的没谁了秒拍视频 ​​​​","G_soohyun"
"33","#权志龙# 大噶不要再问啦~视频在这[下]主角是守护天使[允悲]再次被吃瓜龙仔一连串的动作可爱晕[笑cry]@GDRAGON_OFFICIAL LoyaltoG的秒拍视频 ​","1437款鸡涌啊"
"34",":#权志龙# 2010 big show GD cam让我听见你的声音一丝不苟跳舞的龙，笑容超甜cr.logo 最初时光里的丝绒的秒拍视频 ​","最初时光里的丝绒"
"35",":听说外面下雪了 可我不想从权志龙的怀里爬起来 ​","辣味咸鱼"
"36",":我围观了@林瑠梨 的回答，该问题价值79.00元，围观仅1元，快来一起围观~ <br />微博问答:权志龙和哪三位女明星同时交往？和水原希子在一起时除了李妍珠之外，是否还劈腿过其他人…水原希子有抓包过吗 ​","Nini-_0"
"37",":#权志龙#  今天又一次打开Kwonjiyong USB，巨星哥哥，真的真的好想你[泪]@GDRAGON_OFFICIAL ​","GD小可"
"38",":@GDRAGON_OFFICIAL  我在#明星ALL榜#上为你加油啦，你是我今生唯一的执著哦。#权志龙# 棒棒哒！@超级应援 明星ALL榜 ​","Dragon宝88818"
"39",":#权志龙##权志龙的权世界# 唉？？舞台上怎么会有两个龙哥呢？小编已经猜出哪个是真龙哥了[笑而不语]那一口rap暴露了龙哥的气质[舔屏][舔屏]@GDRAGON_OFFICIAL  （cr.logo） 权志龍-FOREVER的秒拍视频 ​","权志龍-FOREVER"
"40",":#BIGBANG##权志龙# 空闲时看看宝宝们跳女团舞蹈，小腰扭的哟[允悲]@GDRAGON_OFFICIAL  [爱你][爱你][爱你] 天使般笑容的QZL的秒拍视频 ​","天使般笑容的QZL"
"41",":出 bigbang made 专辑 手工版棒球龙小卡 #bigbang##权志龙##bigbang专辑##g-dragon##bigbang正规三辑# ​","LI_SHANG"
"42",":#权志龙# 写生簿bae bae,想念你们的每一个舞台 #X起义·2018#（D）cr:logo PEACE权的秒拍视频 ​","韩都衣舍G-Dragon粉丝团"
"43",":是我们的巨星大人没错了[樱花]#权志龙##铁雨# yr_lllisan的秒拍视频 ​","yr_lllisan"
"44",":我在@Owhat 参与@g-dragon吧 权志龙入伍应援和入伍前个人日常存钱罐，我应援了18元，有755人参与了，已经完成86.3%！快来一起支持O~ http://t.cn/RHNy9DO ​","志龙饭"
"45",":#权志龙# 大噶不要再问啦~视频在这[下]主角是守护天使[允悲]再次被吃瓜龙仔一连串的动作可爱晕[笑cry]@GDRAGON_OFFICIAL LoyaltoG的秒拍视频 ​","LoyaltoG"
"47",":1.24.jj【#权志龙#X171202BIGBANGJAPANDOMETOUR2017LASTDANCEINNAGOYA】DAY1饭拍视频crgbyul202@GDRAGON_OFFICIAL花车上可爱又忙碌权志龙的移动城堡的秒拍视频[生病] ​","kevin丿255仙"
"48",":权志龙宠溺回应粉丝呼喊，是宠粉狂魔没错了[舔屏] 一个不知名圈内人士的秒拍视频 ​","一个不知名圈内人士"
"49","- 2013年 VOGUE 8月号 -最终，重要的并不是年龄而是年轻的精神。若是轻易地就和这个世界妥协的话就会丢失掉属于自身的色彩，音乐亦是如此。[爱你][心] ​","胜利啊是胜利"
"50",":真的好想去看一场权志龙的演唱会 ​","yyyyyyyytttttttttt"
"51",":#权志龙# 收藏一波哥哥的壁纸哥哥是吃可爱长大的吧 ​","扛起志龙就跑987"
"52",":擦擦擦擦擦擦！！！权[囧]志龙你多大了？？？心里没点数么？？？？你在诱惑谁！！可爱给谁看！！！！ ​","金小莟gpy"
"53",":这个男人要结婚了，还有不到半个月，这个团第一个结婚的，相比权志龙恋情曝光，太阳要结婚的消息对我来说冲击性更大，权志龙谈恋爱，我很开心，因为他是个孤独的人，希望能有人陪着他，再加上龙也老大不小了，而太阳结婚…哎，说不上来，又酸楚又替他开心，这个纯情的男人，希望他永远幸福…… ​","依萍爱书桓"
"54","真人恋与，池昌旭×片寄凉太×PUSH×朴海镇 ，帅。#恋与制作人# 恋与制作人君的秒拍视频 ​","不是你的咕咕啊"
"55","#权志龙# 160505 BB FM in Chiba千叶歌迷见面会游戏环节，见小姑娘穿着短裙，脱下外套把小姑娘腰部以下都包起来抱着比赛的绅士龙。cr.chaka0210分享视频 最初时光里的丝绒的秒拍视频 ​","1437款鸡涌啊"
"56",":#权志龙# 这气场真是无敌了，尤其是那段RAP，真是太震撼了[拍手]都说了GD的RaP是世界级的，音乐响起那一瞬间，我要疯了 微博视频 ​","BIGBANG爆炸会"
"57",":#权志龙# 总是莫名害羞的GD欧巴 笑点低的不要不要的秒拍视频 ​​​​","GDRAGON_OFFICIALV_"
"58",":#权志龙# 在综艺里的可爱和胜负欲 在工作上的认真和尽责 对待后辈的爱和谦虚 每一年都能让人重新再认识你秒拍视频 ​​​​","BIGBANG新动态"
"59",":#权志龙##权志龙综艺# 好想看我龙的综艺[淚]只能重温之前的，志龙真的特别可爱[愛你]最后那几秒的笑声[偷笑][偷笑][偷笑] （L）TG_CHLOE0418的秒拍视频 ​","韩都衣舍G-Dragon粉丝团"
"60",":#权志龙# 权志龙CHANEL时尚广告片，时尚达人追逐的焦点，没有最帅只有更帅[色][色] Mr哥哥哥的秒拍视频 ​","Mr哥哥哥"
"61",":我免费围观了 @林瑠梨 的回答，问题价值 133.00 元，快来一起免费围观~ <br />微博问答:你好，我想问下引起权志龙和水原分手的那位一夜情女歌手是谁？GD怎么保护水原让你感动了，小松菜奈对新歌又怎么表态了？金希澈真的和李菲儿在交往吗？谢谢！ ​","希然然trista"
"62","妖界首家麦当劳开业啦！跟随@捉妖记胡巴 ，全线新品等你尝：【幸胡堡】【团圆堡】欢喜迎新；【小福宝鸡排】【青柠妖格饮】妖你尝鲜；【扭扭薯条】【红豆双皮奶口味派】经典回归；【比利时巧克力榛子圆筒冰淇淋】甜蜜来袭！关注@麦当劳 转发@2位好友，说说最想先试哪款？送30元餐券（共10份）#妖你团圆，更有滋味#","Wuli花生呐"
"63","#权志龙# 2009 shine a light concert in Seoul是02年的帅气的绅士 09年the leaders唱了一下 17年成了狗吠 那我还是给权老师跪下吧[跪了][跪了][跪了]#X起义·2018#（D）cr:logo 脆塔普的秒拍视频 ​","八号小狮子"
"64",":我免费围观了 @林瑠梨 的回答，问题价值 133.00 元，快来一起免费围观~ <br />微博问答:你好，我想问下引起权志龙和水原分手的那位一夜情女歌手是谁？GD怎么保护水原让你感动了，小松菜奈对新歌又怎么表态了？金希澈真的和李菲儿在交往吗？谢谢！ ​","吴小花花花花花花儿"
"65",":我免费围观了 @林瑠梨 的回答，问题价值 133.00 元，快来一起免费围观~ <br />微博问答:你好，我想问下引起权志龙和水原分手的那位一夜情女歌手是谁？GD怎么保护水原让你感动了，小松菜奈对新歌又怎么表态了？金希澈真的和李菲儿在交往吗？谢谢！ ​","筱霰zwx"
"66",":不忘初心@GDRAGON_OFFICIAL 💕#权志龙.我爱你# ​","GDKKKK权"
"67",":#权志龙# 160505 BB FM in Chiba千叶歌迷见面会游戏环节，见小姑娘穿着短裙，脱下外套把小姑娘腰部以下都包起来抱着比赛的绅士龙。cr.chaka0210分享视频 最初时光里的丝绒的秒拍视频 ​","最初时光里的丝绒"
"68",":#权志龙# 边走边聊录音室逃脱游戏，承包3分59秒的权志龙[喵喵][喵喵]，还是男主持好，女的算了吧[摊手][摊手] #X起义·2018#（D） PEACE权的秒拍视频 ​","韩都衣舍G-Dragon粉丝团"
"69",":#权志龙# 180124 2017年GDsolo高清饭拍更新6P 想念solo歌手志龙君了[泪] ​","BIGBANG爆炸会"
"70",":#权志龙# #一骑绝尘权志龙# 想你想你[心] 微博故事 ​","TG_CHLOE0418"
"71",":@GDRAGON_OFFICIAL  我在#明星ALL榜#上为你加油啦，你是我今生唯一的执著哦。#权志龙# 棒棒哒！@超级应援 明星ALL榜 ​","Dragon宝88818"
"72","#权志龙# 当年某人恋情在台上被曝光时，八卦龙反应是这样的：捂脸笑倒在地🙊→疯狂抖动双腿[眼泪]→起身跑去后台拿手机[iphone]→冲向第一排最佳拍摄位置📸@GDRAGON_OFFICIAL ​","沙漏的微雪"
"73",":#权志龙##权志龙 跳绳##G-Dragon# 权志龙 跳绳一级棒 ​","图图快走"
"74",":我在@Owhat 参与@g-dragon吧 权志龙入伍应援和入伍前个人日常存钱罐，我应援了18元，有755人参与了，已经完成86.3%！快来一起支持O~ http://t.cn/RHNy9DO ​","我爱数学学好数学"
"75",":#一骑绝尘权志龙# [抓狂]#向全世界安利权志龙# [抓狂]【权志龙霸气现场】2013 “韩国SIA风尚达人”颁奖典礼G-DRAGON获得“年度风向标大奖”Niliria    [叉]   Crooked开头就本人已死状态[脚印]老烟嗓奶音包的秒拍视频 ​","老烟嗓奶音包"
"76",":我的 独一无二#权志龙# [星光]#权志龙chanel全球形象大使# [星光] ​","CrayonBlue_G"
"77",":GD#权志龙#录制的#BIGBANG#《lady》guide版本[憧憬]特别的是，在录制中GD模仿了各位成员们的声音特点，让他们听到guide版本便能知道自己的部分[赞]超级帅气呢~ 动感101泡菜电台的秒拍视频 ​","动感101泡菜电台"
"78",":权志龙心里比比伯还要重要的人就是我们敦儿~哈哈哈哈哈哈哈哈俩人都是套路王 xxigdrgnsrrri的秒拍视频 ​","xxigdrgnsrrri"
"79",":#权志龙# 2009 shine a light concert in Seoul是02年的帅气的绅士 09年the leaders唱了一下 17年成了狗吠 那我还是给权老师跪下吧[跪了][跪了][跪了]#X起义·2018#（D）cr:logo 脆塔普的秒拍视频 ​","韩都衣舍G-Dragon粉丝团"
"80",":#权志龙# 好喜欢欧巴这个造型，又萌又可爱又帅气秒拍视频 ​​​​","GDRAGON_OFFICIALV_"
"81",":权志龙rap solo+Good Boy Mnet亚洲音乐大奖现场版_高清-P1 #哔哩哔哩# 权志龙rap solo+Good Boy Mnet亚洲音乐大奖现场版_高清 ​","xxxibgragon我942龙"
"82",":权志龙的小奶音太他妈好听了 ​","刘刘茄子倩倩"
"83","@GDRAGON_OFFICIAL [红桃]️[可爱]️[红桃]️#权志龙##KWONJIYONG##권지용##G-DRAGON##HoneyJiyong# ​​​","8·18"
"84",":#权志龙##一骑绝尘权志龙# [笑哈哈][笑哈哈][笑哈哈]这位小哥哥可爱了[心]太可爱了啊！[心][笑哈哈][笑哈哈][笑哈哈] rosemary有严重拖延症的秒拍视频 ​","rosemary有严重拖延症"
"85",":换了一个LIVE壁纸emmmm...感觉每天可以不用解锁了[憧憬][憧憬][憧憬]@GDRAGON_OFFICIAL #权志龙##Gdragon# _青锅锅呀的秒拍视频 ​","_青锅锅呀"
"86",":#权志龙##一骑绝尘权志龙# 📹ELLE 🤩🤩🤩🤩🤩 soooo cool boy!!     很喜欢这个视频[鼓掌]🏻[鼓掌]🏻[鼓掌]🏻[鼓掌]🏻[鼓掌]🏻[星光]永远支持您一切的决定[星光] AllForGDForever的秒拍视频 ​","AllForGDForever"
"87","#权志龙# 在台下等了很久忍不住就升降梯出来了，很生气的说喂，你们是不是太过分了，这是演唱会不是脱口秀哈哈哈哈哈生气声音也软绵绵的 权可爱的欢喜的秒拍视频 ​","G_soohyun"
"88","YG曾经失误放出的#BIGBANG#《Lady》guide版 cr.theqoo据说#GD#在唱guide的时候，尽量根据队友的嗓音和特色来演唱，所以队友们只听guide就知道哪个是自己的部分视频中的名字是最终版的part[微风]网友回复请看评论区 花花走花路的秒拍视频 ​","八月的你-"
"89","土耳其漫画家这组创意纹身，让人们意识到纹身也能小清新 ​​​​","赵静静的世界"
"90",":#权志龙##一骑绝尘权志龙# SIA颁奖 粉色的急用啊[憧憬]ᴘɪɴᴋ ᴘɪɴᴋ ᴘɪɴᴋ ʙᴏʏ[爱心]️🤩🔮[星光][鼓掌]🏻[鬼脸二]💯@GDRAGON_OFFICIAL [星光]永远支持您一切的决定[星光] ​","AllForGDForever"
"91",":（代售。各类明星签名照片及专辑和演唱会门票）#权志龙# 《买专辑送签名照片 》权志龙 签名专辑和 权志龙签名照片母胎 SOL O 3辑US B签名 扇子 +礼物 SOLO2二 专辑ON E OFAKIND青铜版 C D#权志龙携同名专辑回归##权志龙0818生日快乐# GD #GD#             想要得速速联系我      与音像公司合作 权志龙周边","张伟伟伟z"
"92",":#权志龙#女友#李珠妍#最近春风满面，用她身边人话说“感觉走路都开心得要飞舞起来的样子”。凌驾于世界千万百万VIP，独享GD的宠爱。确实得意[笑而不语] ​","林瑠梨"
"93","不管做点什么都感觉你在撩撩，各种撩，你这个妖精[允悲][允悲]#一骑绝尘权志龙##权志龙##权志龙chanel全球形象大使##Happy818GDay# 圆啰啰GD的秒拍视频 ​","嗜龙症"
"94","有人说#GD##权志龙#还有什么不会做的，这个帖子会告诉你真相（多图慎点，动图需戳） GD做不好的事情 ​","G_soohyun"
"95","Act lll : Motte ""soundcheck [大笑]"" @GDRAGON_OFFICIAL #权志龙# ❣️#GDRAGON# ❣️#PEACEMINUSONE# ❣️#AlwaysGD# ​","Moncy_G"
"96","【Melon历年年榜】#BIGBANG# BIGBANG 历年年榜100歌曲#拿去吹吧# Cr.핑끄 ​​​","G_waiter_lover"
"97",":我免费围观了 @林瑠梨 的回答，问题价值 133.00 元，快来一起免费围观~ <br />微博问答:你好，我想问下引起权志龙和水原分手的那位一夜情女歌手是谁？GD怎么保护水原让你感动了，小松菜奈对新歌又怎么表态了？金希澈真的和李菲儿在交往吗？谢谢！ ​","ss权先森"
"98",":出一筒全新的peaceminusone铅笔，需要的VIP可以私我哦#权志龙# [心][心][心]韩国带回 ​","SCF515"
"99",":反反复复拿“权志龙不会跳绳” “权志龙五十元嘴”调侃的 我真的get不到笑点[费解]综艺梗只是为了综艺效果 向来半真半假 你开始或许只是出于调侃 但时间长了被数次拿出来开玩笑 真的很令人费解路人看你作为粉丝都这样嘲自家爱豆了 她当然也认为你爱豆是个大嘴巴 运动神经差 许多误会就是这样产生的看过出道实录 日本FM 都知道款鸡涌跳绳很好 连长毛巾都能拿来当跳绳跳起来的人 右脚受伤了单脚跳都可以完成团队跳绳的人 受了伤也那么敬业 这个男人的努力 反正我是找不到任何借口拿澄清无数次的综艺梗去调侃还有说他是五百元嘴、五十元嘴的 我也没见他真的爆火谁的隐私啊 他都是帮说错话的人圆场化解尴尬勒 一周偶像里他还特意解释了其实自己并不是嘴松的人真的 综艺梗玩一玩就可以扔了 不要一直调侃 这并不是什么大众笑料 款鸡涌他一直是堪称智商情商双高的典范啊","-cxiymyiilzzz"
"100","#权志龙# 当年某人恋情在台上被曝光时，八卦龙反应是这样的：捂脸笑倒在地🙊→疯狂抖动双腿[眼泪]→起身跑去后台拿手机[iphone]→冲向第一排最佳拍摄位置📸@GDRAGON_OFFICIAL ​","SunshineQu"
"101",":#权志龙#提前试婚？包养女友#李珠妍#显巨星风范？<br />微博问答:为何说权志龙已经在包养女友李珠妍？ ​","林瑠梨"
"102","YG曾经失误放出的#BIGBANG#《Lady》guide版 cr.theqoo据说#GD#在唱guide的时候，尽量根据队友的嗓音和特色来演唱，所以队友们只听guide就知道哪个是自己的部分视频中的名字是最终版的part[微风]网友回复请看评论区 花花走花路的秒拍视频 ​","HiE-T"
"103",":梦到 权志龙变成一个 只有被我抱住一会儿才能安静下来的宝宝？？？ ​","原来是团子君呀"
"104",":20leo【#权志龙#X171008G-DRAGON2017CONCERTACTIIIM.O.T.T.EINTAIPEI】day2饭拍视频crjennifertung??对粉丝行大礼的权歌手[泪][泪]权志龙的移动城堡的秒拍视频终于完结了，可以好好休息一下了 ​","柷小鵬先苼"
"105",":【权志龙】四舍五入出演一部电影，《钢铁雨》 权老师相关片段 #哔哩哔哩# http://t.cn/RQ3hskv ​","眉宇透着爱意"
"106",":20leo【#韩星行程#】#权志龙#GD世巡台湾站彩排现场，“我希望你们能一直到最后都欣赏这场表演，我会一如既往全力以赴ILOVEUGD的龙窝的秒拍视频 ​","丽江蓝月溪谷酒店"
"107",":#权志龙##G-DRAGON# 现在看到当时录的视频还是超级激动这么近距离就这么望着权先生看他在舞台上发光[星星][星星]【权先生两年后不见不散】 等jiyong的秒拍视频 ​","等jiyong"
"108",":#权志龙# #权志龙.我爱你# 好久不见BigBang - G-DRAGON CRAYON 与G-Dragon Heartbreak 混音超清版分享给你们，个人觉得非常nice~希望你们喜欢哦~ 是为师提不动刀还是你悟净太飘的秒拍视频 ​","是为师提不动刀还是你悟净太飘"
"109",":#权志龙# 在台下等了很久忍不住就升降梯出来了，很生气的说喂，你们是不是太过分了，这是演唱会不是脱口秀哈哈哈哈哈生气声音也软绵绵的 权可爱的欢喜的秒拍视频 ​","权可爱的欢喜"
"111",":做梦梦到权志龙结婚了，然后我冲到台上冲着他大喊一句:你为什么不和TOP结婚！！ ​","hello未来君"
"118",":#权志龙# 早安志龙💕图不知出处 侵删 ​","龙瑜_"
"110",":#权志龙##权志龙的权世界# 来[来]朋友们来感受一下龙哥的艺术告诉你们什么叫大片的视感[憧憬][憧憬][憧憬]@GDRAGON_OFFICIAL  （cr.logo） 权志龍-FOREVER的秒拍视频 ​","权志龍-FOREVER"
"112","这样的蛙蛙 是很想养了 麻麻带着他一起当一只追星蛙 cr.YGclub ​","oO404notfoundOo"
"113",":#权志龙# GD和tonight MV女主的一段英文对话志龙的梦的秒拍视频 ​​​​","GDRAGON_OFFICIALV_"
"114",":#权志龙# 龙哥的打歌舞台扮成熊迎接粉丝太可爱了秒拍视频 ​​​​","权志龙全球粉丝会"
"115","Act lll : Motte ""soundcheck [大笑]"" @GDRAGON_OFFICIAL #权志龙# ❣️#GDRAGON# ❣️#PEACEMINUSONE# ❣️#AlwaysGD# ​","权小辫儿"
"116",":老爸和老妹去权志龙的GD咖啡馆了，老爸也追星了，各种羡慕[大哭][大哭][大哭] 冒泡D茶壶的秒拍视频 ​","冒泡D茶壶"
"117",":#权志龙# 这么帅气的权Leader@GDRAGON_OFFICIAL ​","权式龍吹KJY"
"119","原来朝鲜人和韩国人的共同语言是GD[二哈] 李小军的电影日常的秒拍视频 ​","范乌拉丿"
"120","YG曾经失误放出的#BIGBANG#《Lady》guide版 cr.theqoo据说#GD#在唱guide的时候，尽量根据队友的嗓音和特色来演唱，所以队友们只听guide就知道哪个是自己的部分视频中的名字是最终版的part[微风]网友回复请看评论区 花花走花路的秒拍视频 ​","kownjiyongjn"
"121",":#权志龙# 工作认真的胡须龙实在是太性感了 秒拍视频 ​​​​","BIGBANG爆炸台"
"122","#权志龙# 当年某人恋情在台上被曝光时，八卦龙反应是这样的：捂脸笑倒在地🙊→疯狂抖动双腿[眼泪]→起身跑去后台拿手机[iphone]→冲向第一排最佳拍摄位置📸@GDRAGON_OFFICIAL ​","Dragon_权因有你"
"123",":#BIGBANG##权志龙# 想你想你想你想你……龙宝[心][心][心]@GDRAGON_OFFICIAL  [爱你][爱你][爱你] 天使般笑容的QZL的秒拍视频 ​","天使般笑容的QZL"
"124","YG曾经失误放出的#BIGBANG#《Lady》guide版 cr.theqoo据说#GD#在唱guide的时候，尽量根据队友的嗓音和特色来演唱，所以队友们只听guide就知道哪个是自己的部分视频中的名字是最终版的part[微风]网友回复请看评论区 花花走花路的秒拍视频 ​","JCCicy"
"125","#权志龙# 当年某人恋情在台上被曝光时，八卦龙反应是这样的：捂脸笑倒在地🙊→疯狂抖动双腿[眼泪]→起身跑去后台拿手机[iphone]→冲向第一排最佳拍摄位置📸@GDRAGON_OFFICIAL ​","龙宝的迷妹"
"126","#张继科梦初始的地方#作为将“补水+运动“贯彻到底的泉泉这次真的要来发福利了[憧憬]1月28日，温碧泉将全程直播乒乓球奥运冠军@张继科 梦想+见面会。关注@温碧泉 并转发@ 三位好友，24号将抽奖送出见面会现场门票8张！偷偷告诉你们，温碧泉天猫旗舰店微淘也有抽奖哦~[笑而不语] ​","一颗大红的樱桃"
"127",":我围观了@林瑠梨 的回答，该问题价值66.00元，围观仅1元，快来一起围观~ <br />微博问答:为什么说权志龙对李珠妍也是真爱？ ​","Drama_queeeeen"
"128",":平安世界，有你同行！我和权志龙的二宝成为了亲友~\(≧▽≦)/~一起来见证我们的友谊吧！ ​","全夏JeonHa"
"129",":我围观了@林瑠梨 的回答，该问题价值55.00元，围观仅1元，快来一起围观~ <br />微博问答:李珠妍爆料权志龙和水原希子的分手真实内情是什么？感觉之前传GD要和她闪婚纯粹就是和水原希子赌气…那李珠妍有逼婚过GD吗？ ​","Drama_queeeeen"
"130",":#权志龙# 回忆一下龙哥以前唱歌的样子，好好听权是爱Jiyong的秒拍视频 ​​​​","BIGBANG新动态"
"131",":#权志龙##权志龙的权世界# 哎呀呀~这是哪位妖娆boy[笑而不语]这腰，这胯，这feel🙈妈耶，完全就是权小妖精没错了[偷笑]这个人简直有毒[二哈]深陷其中，无法自拔@GDRAGON_OFFICIAL  (cr.logo) 权志龍-FOREVER的秒拍视频 ​","权志龍-FOREVER"
"132",":[哆啦A梦花心][哆啦A梦花心][哆啦A梦花心]#每天表白权志龙##向全世界安利权志龙##权志龙，爱你的理由不止一个# @GDRAGON_OFFICIAL Merry_o的秒拍视频 ​","Merry_o"
"133",":[哆啦A梦花心][哆啦A梦花心][哆啦A梦花心]#每天表白权志龙##向全世界安利权志龙##权志龙，爱你的理由不止一个# @GDRAGON_OFFICIAL Merry_o的秒拍视频 ​","Merry_o"
"134",":[哆啦A梦花心][哆啦A梦花心][哆啦A梦花心]#每天表白权志龙##向全世界安利权志龙##权志龙，爱你的理由不止一个# @GDRAGON_OFFICIAL Merry_o的秒拍视频 ​","Merry_o"
"135",":[哆啦A梦花心][哆啦A梦花心][哆啦A梦花心]#每天表白权志龙##向全世界安利权志龙##权志龙，爱你的理由不止一个# @GDRAGON_OFFICIAL Merry_o的秒拍视频 ​","Merry_o"
"136",":[哆啦A梦花心][哆啦A梦花心][哆啦A梦花心]#每天表白权志龙##向全世界安利权志龙##权志龙，爱你的理由不止一个# @GDRAGON_OFFICIAL Merry_o的秒拍视频 ​","Merry_o"
"137",":我在@Owhat 参与@g-dragon吧 权志龙入伍应援和入伍前个人日常存钱罐，我应援了8元，有753人参与了，已经完成86.1%！快来一起支持O~ http://t.cn/RHNy9DO ​","七七的小枕头"
"138",":@GDRAGON_OFFICIAL 英语教科书上有我们巨星大人！棒棒哒[haha][羞嗒嗒][加油][酷]#一骑绝尘权志龙##权志龙##权志龙壁纸# ​","-路过-你"
"139",":看着这张照片   好像 ..... 能 想象到 你结婚的样子  我可能 会哭很久 喜欢了很久很久很久很久的我的男孩成为了她的男人  那个女生 会有多幸福伢 有你宠着   那时你变成了丈夫 是父亲  我还是那个很喜欢很喜欢很喜欢你的女孩  不管你还站不站在舞台上  我依然记得 在我的岁月里 有一位叫权志龙的男人  很感谢这个男孩一直都在我的生命里  无论何时  依然陪你从皇冠灯到拐手杖   我最爱的权老头  请你一定要幸福[心]","Hellohiiii"
"140",":#我站在桥上看风景##音乐排行榜#【#权志龙#X171202BIGBANGJAPANDOMETOUR2017LASTDANCEINNAGOYA】DAY1饭拍视频crgbyul202@GDRAGON_OFFICIAL花车上可爱又忙碌权志龙的移动城堡的秒拍视频 ​","bdydgschenzhou"
"141",":#权志龙#化身孩子控的龙哥，哈哈哈~眼神都好温柔！[太开心]~转~韩游网的秒拍视频 ​","韩剧韩星汇"
"142",":@GDRAGON_OFFICIAL  我在#明星ALL榜#上为你加油啦，你是我今生唯一的执著哦。#权志龙# 棒棒哒！@超级应援 明星ALL榜 ​","Dragon宝88818"
"143",":权志龙在演唱会上环顾四周的粉丝，那傲娇的小眼神好温暖，最后那个笑容简直酥死了。http://t.cn/RtAtJIK ​","一碗饭桶开"
"144",":#BIGBANG##权志龙# 早上好龙宝，想你了快点更新一下ins吧，让我们知道你很好[心][心][心]@GDRAGON_OFFICIAL  [爱你][爱你][爱你] ​","天使般笑容的QZL"
"145",":感觉这是权志龙被黑的最惨的一次[允悲] 内涵图达人的秒拍视频 ​","内涵图达人"
"146","#权志龙# 当年某人恋情在台上被曝光时，八卦龙反应是这样的：捂脸笑倒在地🙊→疯狂抖动双腿[眼泪]→起身跑去后台拿手机[iphone]→冲向第一排最佳拍摄位置📸@GDRAGON_OFFICIAL ​","G_KJY"
"147",":#权志龙# 早安大宝贝@GDRAGON_OFFICIAL  [害羞][害羞][害羞] ​","GDBABY_OFFICIAL"
"148","#权志龙##全世界最好的队长权志龙# 我之前一直以为（很多人应该也以为），队长只是根据成员的声音特点来给组合写歌制作专辑，其余每个人的part都是那个人自己负责酝酿情感琢磨表现方式去演唱。直到今天看到这条微博【http://t.cn/RQEFyin】，看到团长说的，我才知道，原来每个成员的part他都会从头到尾以那个成员的嗓音和特色唱一遍，录成母带来让成员学唱和调整。而且不是一首，是每一首[泪]。原来那么好听的歌曲是这样表现出来的啊，原来BIGBANG是这样成长起来的啊，原来在我们不知道的地方，他为组合付出了这么多这么多心血啊[泪][泪][泪]。辛苦了，最棒的权制作人，最棒的队长[心]。@GDRAGON_OFFICIAL","gxsherry"
"149",":我在@GDRAGON_OFFICIAL #粉丝星系#分享了爱豆最萌最可爱的视频，你也快来星系做任务吧！~戳http://t.cn/RTbdk3m权志龙##龙蛋宝宝##龙蛋宝宝##权志龙的壁纸库##一骑绝尘权志龙# 公认的小可爱啊[鼓掌][鼓掌][鼓掌] 今天的他可真好看的秒拍视频 ​","今天的他可真好看"
"150",":#权志龙##日常想念权志龙#  加油。[拳头][加油]！来自@GDRAGON_OFFICIAL [爱心]️[爱心]️我会加油。 StarGLun的秒拍视频 ​","StarGLun"
"151",":#权志龙# 前第八秒简直可爱到炸啊秒拍视频 ​​​​","GDRAGON_OFFICIALV_"
"152",":也许有人要问，为什么韩团可以谈恋爱。那拜托，怕是不知道金泰妍和边伯贤恋爱是当时的世纪撕逼吧，不清楚可以问问GNZ的某位，直接撕到被迫分手。又或者如权志龙这样唱作俱佳，人家不需要粉丝的投票啊，人家不需要人设来满足粉丝的幻想。所以这就是明星和偶像的区别。所以，天天骗人的小偶像赶紧回家吧。别哪天被爆出来又在骂粉丝SB了。 http://t.cn/R2dLXcS","192_大哥哥"
"153",":#权志龙##日常表白志龙# 早[心]@GDRAGON_OFFICIAL ​","养猪达人KJY"
"154",":权志龙 170823.大阪巨蛋.安可时候的吉他龙、键盘龙和鼓手龙平时都是结束时你龙向观众一一介绍乐队成员，今天抢了乐队的家伙事儿反过来被介绍，递麦克也傲娇不接背对粉丝say No 情侣去死去死团权团长的秒拍视频 ​","苦命穷孩子_712"
"155",":#权志龙# 这个壁纸有龙蛋喜欢的没？喜欢的话我分享在评论里[笑而不语]ps : 不是我自己做的，忘记从哪位家人那取得了，侵删[作揖] ​","N亭亭的权世界"
"156",":权志龙你这个狠心的蓝人@GDRAGON_OFFICIAL  赶快发自拍，不然不想你了[怒骂][怒骂][怒骂] ​","款爷有条狗"
"157",":权志龙在演唱会上环顾四周的粉丝，那傲娇的小眼神好温暖，最后那个笑容简直酥死了。http://t.cn/RtAtJIK ​","精致导师-小雪"
"158",":#权志龙#170618 GD世巡澳门站day2 鞠躬的时候帽子不小心掉了 赶紧走两步去捡起来不知道为什么 就....觉得好萌啊 秒拍视频 ​","草木_Miao"
"159",":这是权志龙被黑的最惨的一次[允悲] #搞笑视频秀#  #套路满满# 搞笑视频大推荐的秒拍视频 ​","搞笑视频大推荐"
"160",":#权志龙# 自创一派舞蹈风格 这套衣服真的看多少次都好看，太撩人了[悲催]，我要被他迷死了。好帅秒拍视频 ​​​​","BIGBANG视频台"
"161",":那XX中文字幕--G-Dragon(BigBang)BIGBANG队长G-Dragon权志龙在1日发表solo二辑先公开曲《那XX》的音源及MV！即将出道的YG新女团成员参与出演。 G-Dragon(bigbang) - Heartbreaker ​","音乐笔记"
"162",":#权志龙# 当伴舞能看到GD又能近距离接触,真羡慕啊秒拍视频 ​​​​","BIGBANG新动态"
"163",":#权志龙##权志龙的壁纸库# “忍不住想你，看你的名字忍不住跟着念了一遍；多想跨过距离去拥抱你，而不是抱着手机说想你。 ​​​​” ​ ​​​","南方姑娘的一天"
"164",":#权志龙##权志龙的壁纸库# “想乘时空穿梭机几年后的我可爱依旧怀里的小小熊换成了你” ​​​","南方姑娘的一天"
"165",":#权志龙##权志龙的壁纸库# “想你一次／星星就好像多了一颗的样子” ​​​","南方姑娘的一天"
"166",":每次梦到权志龙都会一下子就醒了[允悲]真特么烦 难道梦里太激动得醒了？@GDRAGON_OFFICIAL  你不安慰安慰我，梦中的你对我笑了[污] ​","他是我的唯一_"
"167","【Melon历年年榜】#BIGBANG# BIGBANG 历年年榜100歌曲#拿去吹吧# Cr.핑끄 ​​​","只有哥哥是我的一腔热血"
"168",":#权志龙# 志龙每次在唱这首歌的时候，都会想些什么呢秒拍视频 ​​​​","GDRAGON_OFFICIALV_"
"169",":엄정화 (严正花)/G-DRAGON (权志龙)《Party》 Party @QQ音乐 ​","体重大于二百斤"
"170",":#权志龙##权志龙# 睡不着[抱抱][抱抱]越看你越睡不着[舔屏][舔屏][舔屏]  wuli欧巴[爱你]你的少女们想你[爱你] ​","wuli权可爱d小乖乖"
"171",":权志龙 Tonight 权志龙全黑帅一脸 舞台的王者★cr.logo.(r) ​","樱雪6768_421"
"172",":#权志龙##权志龙壁纸# 少年啊  我爱的少年呀[爱你][爱你]@GDRAGON_OFFICIAL 秀儿love_g-dragon的秒拍视频 ​","秀儿love_g-dragon"
"173","#权志龙# 真的是没有款鸡涌不会的！以前只知道软骨龙柔韧性超好，舞蹈功底大写的屌。这运动神经真给跪了，居然还会后空翻GDRAGON视频台的秒拍视频 ​​​​","wuli权可爱d小乖乖"
"174",":#权志龙# 每天睡前都要想你 看看你 我才会安心 爱你 我的大宝贝@GDRAGON_OFFICIAL ​","G_soohyun"
"175",":#权志龙# 总是莫名害羞的GD欧巴 笑点低的不要不要的秒拍视频 ​​​​","BIGBANG新动态"
"176",":#权志龙# 工作认真的胡须龙实在是太性感了 秒拍视频 ​​​​","权志龙全球粉丝会"
"177",":我正在爱奇艺看G-Dragon权志龙与BABY同台秀舞技，帅哥美女够养眼，快来@爱奇艺 一起看！http://t.cn/RQmfNbM ​","GD的小轩儿"
"178",":这是权志龙被黑的最惨的一次[允悲] ASMR小哥赵宰元和戏精妹妹的日常第四弹 搞笑内涵坊的秒拍视频 ​","搞笑内涵坊"
"179",":#权志龙#  我在@超级星饭团 给 @GDRAGON_OFFICIAL 道了一句晚安，悠悠的祝福，暖暖的问候，愿你拥有甜甜的美梦...... ​","818GD撒浪嘿呦"
"180","陈伟霆怎么肥四哈哈哈哈哈哈哈哈哈哈哈哈哈哈哈哈哈哈独领风骚 ​","PINNKU"
"181",":哇我特么服了母带都给录好权志龙你牛逼牛逼 ​","嗨呀你说谁呢"
"182",":权志龙才104斤 锁骨这么好看 你好意思比他重吗？ 不说了 你若盛开 蝴蝶自来 记住我再不瘦我就要老了 ​","AwinAlways"
"183",":#权志龙##龙蛋宝宝# 突然看到那个guide有感  不知不觉已经这么多年了呀，我真的是一个团饭然后慢慢慢慢成了我龙的唯[心]  是我真的看到了我龙的辛苦啊，因为是队长，什么好像都是要扛着一样 这样的龙真的很让人心碎啊。特别是明明已经那么努力那么好了，还是那么多团饭或者别人家唯来黑啊[泪]真的我没觉得我龙有任何哪一个地方是对不起这个团[心]   真是抱歉今天才看到那个音源，才知道我们哥哥真的是做了很多，虽然早就知道付出了很多，但我们哥哥做的事比我想象的要厉害伟大很多啊[心]看到那个音源的时候眼泪真的是止不住啊[泪]我龙真的是值得爱一辈子夸一辈子的温柔的人啊。所以以后要更好的护犊子了，别再让我看见那些黑啊.   没几个月就要服兵役了啊，真的是超级舍不得啊，但我龙是去做男人该做的事[加油]所以两年啊，没关系，等的起[心]所以真的喜欢如约而至这个词，等的很苦但从不辜负[心][心]@GDRAGON_OFFICIAL","z-yoona"
"184","#权志龙# 我的崽[跪了]青蛙vs王子[允悲] ​","8·18"
"185",":#权志龙高清无水印图片# 鸡涌欧巴最新手绘 ​","权世界GD1996"
"186",":听说，樱花开了。我喜欢权志龙所有的样子。今天听到最好听的句子。 ​","蔣嬡嬡"
"187","#权志龙# 171230 首尔 《Bullshit》GD高清饭拍底下妹子们应援太给力了[二哈]欧巴超帅der！！夜晚来临 要一起来狂欢吗？[酷]@GDRAGON_OFFICIAL #G-Dragon# #GDragon# cr.logo【权志龙视频】【权志龙演唱会现场】【权志龙作词作曲】 ILOVEUGD的龙窝的秒拍视频 ​","G兔D"
"188",":权志龙我真的服了又当班长 又当老师歌我给你们写好了 母带我给你们录好了怎么唱怎么表现我给你们演示好了你们就进录音棚照着唱一遍就好了就连自己的solo曲都一分五 一分二这样被瓜分了这样的队长全宇宙大概只有一个 ​","北戴河海怪BB"
"189",":#权志龙##一骑绝尘权志龙# 晚安[飞吻] ​","Ww_Jiyong"
"190","我一定要单独发一下，笑得我肚子都疼了哈哈哈哈哈哈哈哈哈哈哈“易烊千玺你变了！”“放开我儿子！”“赖冠霖你才16岁你不许脱衣服！”[允悲][允悲][允悲][允悲][允悲][允悲][允悲][允悲][允悲][允悲]饭圈少女的秒拍视频 ​","咖啡俺"
"191",":#权志龙# 晚安，小可爱！😴@GDRAGON_OFFICIAL ​","jenny-7ing"
"192","#权志龙# 看第一个镜头就受不了了[害羞][亲亲]那么爱卖萌还害羞[色]看完心情好好微博视频 ​","素来平淡xu"
"193","发布了头条文章：《作为一种artist的权志龙》 作为一种artist的权志龙 ​","WangHyoSun"
"194","bigbang 听了想打人[允悲][允悲] 全球冷笑话段子的秒拍视频 ​","我是刚大大木"
"195","YG曾经失误放出的#BIGBANG#《Lady》guide版 cr.theqoo据说#GD#在唱guide的时候，尽量根据队友的嗓音和特色来演唱，所以队友们只听guide就知道哪个是自己的部分视频中的名字是最终版的part[微风]网友回复请看评论区 花花走花路的秒拍视频 ​","闻暖-"
"196",":#权志龙INS# [黄心] #权志龙可爱# [花痴] #权志龙# 原来志龙去的是这里啊[羞嗒嗒]所以现在都在休息到处玩吗[思考]图一cr: logo@GDRAGON_OFFICIAL ​","G_Dyong"
"197",":#权志龙##一骑绝尘权志龙# 旧图[心] ​","Ww_Jiyong"
"198",":#权志龙# 看到这样帅气的GD简直会失眠，偶吧，帅到没朋友！[爱你]做任何动作都是如何迷人，龙龙，你这么令人着迷，真的好吗[哈哈]微博视频 ​","bigbang地带"
"199","抱歉，此微博已被作者删除。查看帮助：http://t.cn/Rfd3rQV","志龙印在朵本子上"
"200","我真的十分佩服了土味老爹的秒拍视频 ​","唱歌的咸咸咸鱼"
"201",":对唱歌好听的男生 就是有好感比如我龙#权志龙# ​","2chase"
"202",":#权志龙##权志龙.我爱你# 去通宵唱歌，唱了很多你的歌，少女心就爆棚了。然后和姐姐聊天，姐姐问我，你怎么喜欢上他的，因为才华吗。我当时就愣住了，一开始注意到你是因为你的眼线，邪魅的样子吸引了我所有的目光，然后和朋友说，我好像饭上了一个爱豆。但是，为什么那么晚才开始注意到你，还记得有同学在课堂上和老师说她的偶像是GD时，觉得她好有勇气，那时还没有饭上已经那么优秀的你，只觉得，哇，他的名字真酷。当慢慢了解了之后，才发现原来不只是带着妆的你，露着小胡茬的你同样也是我的偶像。我也要勇敢的说出来，我的偶像叫权志龙，他有时叫GD，有时叫鸡德来滚，有时叫鸡涌，我有时也称他为线哥，他就是很优秀，很有才华，权志龙，我爱你。@GDRAGON_OFFICIAL","Shannon不变"
"203",":#权志龙0818生日快乐# 神经病，生日快乐🎊 说谎的人要吞一千根针j的秒拍视频 ​","说谎的人要吞一千根针j"
"204",":对唱歌好听的男生 就是有好感比如我龙#权志龙# ​","2chase"
"205",":#权志龙##权志龙.我爱你# 去通宵唱歌，唱了很多你的歌，少女心就爆棚了。然后和姐姐聊天，姐姐问我，你怎么喜欢上他的，因为才华吗。我当时就愣住了，一开始注意到你是因为你的眼线，邪魅的样子吸引了我所有的目光，然后和朋友说，我好像饭上了一个爱豆。但是，为什么那么晚才开始注意到你，还记得有同学在课堂上和老师说她的偶像是GD时，觉得她好有勇气，那时还没有饭上已经那么优秀的你，只觉得，哇，他的名字真酷。当慢慢了解了之后，才发现原来不只是带着妆的你，露着小胡茬的你同样也是我的偶像。我也要勇敢的说出来，我的偶像叫权志龙，他有时叫GD，有时叫鸡德来滚，有时叫鸡涌，我有时也称他为线哥，他就是很优秀，很有才华，权志龙，我爱你。@GDRAGON_OFFICIAL","Shannon不变"
"206",":#权志龙0818生日快乐# 神经病，生日快乐🎊 说谎的人要吞一千根针j的秒拍视频 ​","说谎的人要吞一千根针j"
"207",":（代售。各类明星签名照片及专辑和演唱会门票）#权志龙# 《买专辑送签名照片 》权志龙 签名专辑和 权志龙签名照片母胎 SOL O 3辑US B签名 扇子 +礼物 SOLO2二 专辑ON E OFAKIND青铜版 C D#权志龙携同名专辑回归##权志龙0818生日快乐# GD #GD#             想要得速速联系我      与音像公司合作 权志龙周边","张伟伟伟z"
"208","#权志龙##全世界最好的队长权志龙# 我之前一直以为（很多人应该也以为），队长只是根据成员的声音特点来给组合写歌制作专辑，其余每个人的part都是那个人自己负责酝酿情感琢磨表现方式去演唱。直到今天看到这条微博【http://t.cn/RQEFyin】，看到团长说的，我才知道，原来每个成员的part他都会从头到尾以那个成员的嗓音和特色唱一遍，录成母带来让成员学唱和调整。而且不是一首，是每一首[泪]。原来那么好听的歌曲是这样表现出来的啊，原来BIGBANG是这样成长起来的啊，原来在我们不知道的地方，他为组合付出了这么多这么多心血啊[泪][泪][泪]。辛苦了，最棒的权制作人，最棒的队长[心]。@GDRAGON_OFFICIAL","Promise-G琪"
"209",":#权志龙#给新车车上完牌照了 有些是vip的朋友要羡慕死了 毕竟是GD开头哈哈哈哈哈[偷笑] ​","Ambitiont_3"
"210",":#权志龙# 只要你想要发光，谁也盖不住你的光芒 ​​​","殺死山姆"
"211","#bigbang#《Stand Up (Intro)》#GD##权志龙# guide版 ytb/Phoenix08韩网友说：我喜欢Stand Up的guide，因为能看到制作音乐的过程先听听GD自己唱的demo版，然后再看最终版，可以明显感觉到完成基本工作后，后续是怎么改歌词和重新制作sound的 花花走花路的秒拍视频 ​","花儿625"
"212",":说真的 嗨歌里最爱的是goodboy比bang bang bang更耐听 而且超级抓耳 一听就会喜欢的旋律 而且歌词很有意思特别是「在白天我是小仓鼠，到了晚上分享爱情时则是个恶棍」简直就在说权志龙这个人反差的性格 ​","_kakka"
"213",":#权志龙# [爱心]简直不忍心将你曝光 ​","月夜GD"
"214",":#权志龙# “只要你想要发光，谁也盖不住你的光芒” ​","peace与LV"
"215",":「钢铁雨』有两场戏特别动人，一个是两个主角一起吃面，还有一个是两个人在车上一起听权志龙的歌。让人看得又哭又笑，真的特别好。我的评分：★★★★★ 钢铁雨 강철비‎ (2018) 来自@豆瓣App ​","許先哲"
"216",":分享62[星光][星光]你还是笑的那么甜。我愿永远在千万人的黄色灯海中为你呐喊。我喜欢看到舞台上微笑的你，你也一样希望看到舞台下为你而欢呼的我们，约定[爱心]️(我终于分享了，冬天把手放在鼠标上，感觉我的手已经脱离了我的身体一样[允悲])ps 图九是本来想把那两张合照里的他抠出来放在一起，可是弄完第一张就不忍心了，他太瘦了[泪]#权志龙##一骑绝尘权志龙#","小凡是安行"
"217",":饭上你，真的是这辈子最幸运的事。#权志龙# 宿迁·官墩乡 ​","G权世界D1988"
"218",":#权志龙##Gdragon# 答应我一个人躲在被子里听！不许尖叫 ！！声音调大！！ @GDRAGON_OFFICIAL  [月亮][星光]cr:logo G_DRAGON_FAN_的秒拍视频 ​","G_DRAGON_FAN_"
"219",":#一骑绝尘权志龙##权志龙#  想念可爱鬼[下雨][下雨][下雨] ​","bxtogetherGD"
"220","【Melon历年年榜】#BIGBANG# BIGBANG 历年年榜100歌曲#拿去吹吧# Cr.핑끄 ​​​","眼角有颗星星痣"
"221","YG曾经失误放出的#BIGBANG#《Lady》guide版 cr.theqoo据说#GD#在唱guide的时候，尽量根据队友的嗓音和特色来演唱，所以队友们只听guide就知道哪个是自己的部分视频中的名字是最终版的part[微风]网友回复请看评论区 花花走花路的秒拍视频 ​","Yan-Yuet"
"222",":#权志龙#  我在@超级星饭团 给 @GDRAGON_OFFICIAL 道了一句晚安，悠悠的祝福，暖暖的问候，愿你拥有甜甜的美梦......晚安龙宝[月亮][心][心][心] @GDRAGON_OFFICIAL  [爱你][爱你][爱你] ​","天使般笑容的QZL"
"223",":#权志龙##一骑绝尘权志龙# 哇～B612的音乐里有哥哥的两首歌[鼓掌][鼓掌][鼓掌] ​","小包子腻好"
"224",":#权志龙##一骑绝尘权志龙# 哇～B612的音乐里有哥哥的两首歌[鼓掌][鼓掌][鼓掌] ​","小包子腻好"
"225",":#权志龙# 12年日本见面会 粉毛时期 GD出现画面精选cut Part1（游戏环节）全程萌cry[拜拜]随手摘个墨镜都能引起轰动[doge]调戏镜头 把粉丝撩的不要不要的[害羞]猜自己的歌还要坐在地上傻傻想半天[笑cry]【恩 一定是欧巴歌太多[doge]惩罚扮小羊 啊...这样的羊羊好想抱回家养[泪][泪][泪]欧巴多才多艺画画也好棒！作品是大声的鼻子“山”[哈哈]羽毛球比赛也赢啦[太开心]  http://t.cn/RQQ0J7d  （P） #x起义·2018#","韩都衣舍G-Dragon粉丝团"
"226",":#权志龙# 好想你啊 想听你唱歌[泪]每次看到这种合唱视频都好想哭[泪][泪][泪]   GrandDream0818的秒拍视频  （P） #x起义·2018# ​​​","韩都衣舍G-Dragon粉丝团"
"227",":#权志龙##x起义·2018# 视频中的活力男孩[舔屏]突然想把全世界的幸运都给你@GDRAGON_OFFICIAL  （cr.logo）.( r) 权志龍-FOREVER的秒拍视频 ​","韩都衣舍G-Dragon粉丝团"
"228",":#权志龙##x起义·2018#  乖乖龙宝，虽然有点难但是希望你入伍后好好吃饭，长点肉肉回来[爱你]cr. logo.(r)rosemary有严重拖延症的秒拍视频 ​","韩都衣舍G-Dragon粉丝团"
"229","YG曾经失误放出的#BIGBANG#《Lady》guide版 cr.theqoo据说#GD#在唱guide的时候，尽量根据队友的嗓音和特色来演唱，所以队友们只听guide就知道哪个是自己的部分视频中的名字是最终版的part[微风]网友回复请看评论区 花花走花路的秒拍视频 ​","9527xPC"
"230",":#权志龙##x起义·2018#  GD和tonight MV女主的一段英文对话cr.logo.( r)志龙的梦的秒拍视频 ​​​​","韩都衣舍G-Dragon粉丝团"
"231",":#权志龙##x起义·2018# 看第一个镜头就受不了了[害羞][亲亲]那么爱卖萌还害羞[色]看完心情好好~敲搞笑[太开心] cr.logo.( p)微博视频 ​ ​​​","韩都衣舍G-Dragon粉丝团"
"232",":#权志龙# 其实你不需要有多好，我喜欢就好，一直都是我的骄傲 ​","GD_权三岁"
"233",":#权志龙##x起义·2018#  我就是喜欢鸡涌自带的音效[困死了]和销魂的舞姿下面的叫声比坐过山车还恐怖cr.logo.( r)秒拍视频 ​​​​","韩都衣舍G-Dragon粉丝团"
"234","#权志龙# 2009 shine a light concert in Seoul是02年的帅气的绅士 09年the leaders唱了一下 17年成了狗吠 那我还是给权老师跪下吧[跪了][跪了][跪了]http://t.cn/RQE41fr 脆塔普的秒拍视频 ​","乐善简"
"235",":#权志龙##x起义·2018#  边走边聊录音室逃脱游戏，承包3分59秒的权志龙[喵喵][喵喵]，还是男主持好，女的算了吧[摊手][摊手] cr.logo.( r) PEACE权的秒拍视频 ​","韩都衣舍G-Dragon粉丝团"
"236",":#权志龙##x起义·2018#  《流行革命》mv超长幕后花絮，这真的不是我喜欢的歌的风格，但是莫名其妙就听了起来。。。帅到不行[嘻嘻][嘻嘻] cr.logo.( r) PEACE权的秒拍视频 ​","韩都衣舍G-Dragon粉丝团"
"237",":幸福感[心]@liquor吴  @FeaRMyHeart  @权志龙的小小童养媳 ​","SpecificM_"
"238",":#权志龙##x起义·2018# 权志龙的演唱会，一首《一天一天》帅到爆cr.logo.( r) 倾听一首好音乐的秒拍视频 ​","韩都衣舍G-Dragon粉丝团"
"239",":#权志龙##x起义·2018# 在弘大搭的舞台使弘大交通陷入瘫痪的男架 [c]️on pic ​.( r) ​","韩都衣舍G-Dragon粉丝团"
"240","#bigbang#《Stand Up (Intro)》#GD##权志龙# guide版 ytb/Phoenix08韩网友说：我喜欢Stand Up的guide，因为能看到制作音乐的过程先听听GD自己唱的demo版，然后再看最终版，可以明显感觉到完成基本工作后，后续是怎么改歌词和重新制作sound的 花花走花路的秒拍视频 ​","enPEACE"
"241","YG曾经失误放出的#BIGBANG#《Lady》guide版 cr.theqoo据说#GD#在唱guide的时候，尽量根据队友的嗓音和特色来演唱，所以队友们只听guide就知道哪个是自己的部分视频中的名字是最终版的part[微风]网友回复请看评论区 花花走花路的秒拍视频 ​","呆乐monkey"
"242",":#权志龙# 哦妈啊～这迷人要命的小眼神[心][憧憬]@GDRAGON_OFFICIAL  #权志龙# ​","娟娟5612189425"
"243","YG曾经失误放出的#BIGBANG#《Lady》guide版 cr.theqoo据说#GD#在唱guide的时候，尽量根据队友的嗓音和特色来演唱，所以队友们只听guide就知道哪个是自己的部分视频中的名字是最终版的part[微风]网友回复请看评论区 花花走花路的秒拍视频 ​","lyang1231"
"244","YG曾经失误放出的#BIGBANG#《Lady》guide版 cr.theqoo据说#GD#在唱guide的时候，尽量根据队友的嗓音和特色来演唱，所以队友们只听guide就知道哪个是自己的部分视频中的名字是最终版的part[微风]网友回复请看评论区 花花走花路的秒拍视频 ​","lyang1231"
"245","YG曾经失误放出的#BIGBANG#《Lady》guide版 cr.theqoo据说#GD#在唱guide的时候，尽量根据队友的嗓音和特色来演唱，所以队友们只听guide就知道哪个是自己的部分视频中的名字是最终版的part[微风]网友回复请看评论区 花花走花路的秒拍视频 ​","GYXXD-"
"246",":始于权志龙的才华 陷于权志龙的颜值始于殷志源的颜值 陷于殷志源的才华横批：YG是个坑 ​","奔跑中de小狮子"
"247",":这段时间一直梦到我龙开演唱会，坐在我的面前唱给我听[卡拉ok]去医院检查一直说我雌激素低然后这几天一直梦到我龙果然就来亲戚了[doge]美好的龙宝吖～不仅是心理满足，现在我龙已经可以满足我的身体治疗我的疾病了🐲世界上最好的权志龙#宝宝的少女心# ​","今天也要记得吃药哦丶"
"248",":【权志龙】171231Bigbang -Last Dance- in Seoul live全场回放 【无安可】 #哔哩哔哩# http://t.cn/RQnE6rn ​","苟十三"
"249","#权志龙##一骑绝尘权志龙# [甜筒]头发～真的超级好看 <ᴛʜɪs ʟᴏᴠᴇ>[大哭][大哭][大哭][大哭][大哭]ᴄʀ.ʟᴏɢᴏ权志龙xɪ真的怎么看都很好看[大哭][大哭][大哭][大哭][大哭] AllForGDForever的秒拍视频 ​","makelove_权志龙"
"250",":权志龙真的是每天都能带给我惊喜与感动的人 即使过了四年了那份最初的新鲜感却是愈发强烈 生活中的烦恼不安在我看到他的那刻便会全部沉淀下来消失殆尽 正是他给我的这份不可言说的力量支撑着我现在走的每一步 不敢说走的多么正确但至少坚定 还是要说谢谢你 我爱你[心]@GDRAGON_OFFICIAL ​","YongLightChaser"
"251",":#权志龙#演唱会结束[心] 粉丝在场外合唱GD歌曲 SUYIQXXXI的秒拍视频 ​","GDaisy-posy"
"252",":#权志龙##权志龙的壁纸库# 我喜欢你啊 就算没有结局也喜欢 ​​​@GDRAGON_OFFICIAL [心] ​","南方姑娘的一天"
"253","#权志龙# 当年某人恋情在台上被曝光时，八卦龙反应是这样的：捂脸笑倒在地🙊→疯狂抖动双腿[眼泪]→起身跑去后台拿手机[iphone]→冲向第一排最佳拍摄位置📸@GDRAGON_OFFICIAL ​","Gillbbbb"
"254",":#权志龙#20170610 首尔💫 M.O.T.T.E世巡 [樱花] 少年啊 [樱花] 小猪搞快跑的秒拍视频 ​","GDaisy-posy"
"255","有人说#GD##权志龙#还有什么不会做的，这个帖子会告诉你真相（多图慎点，动图需戳） GD做不好的事情 ​","因为想你今夜无法入睡"
"256",":#权志龙# 真的是没有款鸡涌不会的！以前只知道软骨龙柔韧性超好，舞蹈功底大写的屌。这运动神经真给跪了，居然还会后空翻GDRAGON视频台的秒拍视频 ​​​​","权志龙全球粉丝会"
"257",":#权志龙# GD和tonight MV女主的一段英文对话志龙的梦的秒拍视频 ​​​​","BIGBANG新动态"
"258",":#权志龙##一骑绝尘权志龙# 【权志龙发型】【权志龙作词作曲】【权志龙演唱会】想听你的声音[心][心]想念你@GDRAGON_OFFICIAL MybabyG-Dragon的秒拍视频 ​","MybabyG-Dragon"
"259",":#权志龙# 这个版本的《if you》也好听死了，准确说是好看死了[允悲][允悲]，承包温柔的小队侧颜[喵喵][喵喵] PEACE权的秒拍视频 ​","PEACE权"
"260",":#权志龙# 超级喜欢这个广告片，龙总是会成为无数时尚达人追逐的焦点，当然也是特别走心的广告设计了[羞嗒嗒][羞嗒嗒] PEACE权的秒拍视频 ​","PEACE权"
"261",":아이유 (IU)/G-DRAGON (权志龙)《팔레트 (调色盘)》팔레트 @QQ音乐 我男神的声音好苏啊~少女心啊 팔레트 ​","兮昔89"
"262","#bigbang#《Stand Up (Intro)》#GD##权志龙# guide版 ytb/Phoenix08韩网友说：我喜欢Stand Up的guide，因为能看到制作音乐的过程先听听GD自己唱的demo版，然后再看最终版，可以明显感觉到完成基本工作后，后续是怎么改歌词和重新制作sound的 花花走花路的秒拍视频 ​","_大西瓜honey志龙"
"263",":#30天推权志龙挑战##权志龙# 제 19일[星星]DAY 19【最戳萌点的一张自拍】emmmm，龙哥的自拍都迷之可爱啊，不总是露脸，露脸就是让人意外，看看我龙哥P2性感的小胡茬。♡ ​","傩送FXXK"
"264","#权志龙##全世界最好的队长权志龙# 我之前一直以为（很多人应该也以为），队长只是根据成员的声音特点来给组合写歌制作专辑，其余每个人的part都是那个人自己负责酝酿情感琢磨表现方式去演唱。直到今天看到这条微博【http://t.cn/RQEFyin】，看到团长说的，我才知道，原来每个成员的part他都会从头到尾以那个成员的嗓音和特色唱一遍，录成母带来让成员学唱和调整。而且不是一首，是每一首[泪]。原来那么好听的歌曲是这样表现出来的啊，原来BIGBANG是这样成长起来的啊，原来在我们不知道的地方，他为组合付出了这么多这么多心血啊[泪][泪][泪]。辛苦了，最棒的权制作人，最棒的队长[心]。@GDRAGON_OFFICIAL","念心818"
"265","#权志龙# 当年某人恋情在台上被曝光时，八卦龙反应是这样的：捂脸笑倒在地🙊→疯狂抖动双腿[眼泪]→起身跑去后台拿手机[iphone]→冲向第一排最佳拍摄位置📸@GDRAGON_OFFICIAL ​","初遇龙SOLO"
"266",":#权志龙##一骑绝尘权志龙# 今天是过分想念的一天[悲伤] to_get_her_jing的秒拍视频 ​","to_get_her_jing"
"267",":我免费围观了 @林瑠梨 的回答，问题价值 133.00 元，快来一起免费围观~ <br />微博问答:你好，我想问下引起权志龙和水原分手的那位一夜情女歌手是谁？GD怎么保护水原让你感动了，小松菜奈对新歌又怎么表态了？金希澈真的和李菲儿在交往吗？谢谢！ ​","Alone蔓蔓"
"268",":我免费围观了 @林瑠梨 的回答，问题价值 133.00 元，快来一起免费围观~ <br />微博问答:你好，我想问下引起权志龙和水原分手的那位一夜情女歌手是谁？GD怎么保护水原让你感动了，小松菜奈对新歌又怎么表态了？金希澈真的和李菲儿在交往吗？谢谢！ ​","西蒙幽灵21"
"269","#权志龙##全世界最好的队长权志龙# 我之前一直以为（很多人应该也以为），队长只是根据成员的声音特点来给组合写歌制作专辑，其余每个人的part都是那个人自己负责酝酿情感琢磨表现方式去演唱。直到今天看到这条微博【http://t.cn/RQEFyin】，看到团长说的，我才知道，原来每个成员的part他都会从头到尾以那个成员的嗓音和特色唱一遍，录成母带来让成员学唱和调整。而且不是一首，是每一首[泪]。原来那么好听的歌曲是这样表现出来的啊，原来BIGBANG是这样成长起来的啊，原来在我们不知道的地方，他为组合付出了这么多这么多心血啊[泪][泪][泪]。辛苦了，最棒的权制作人，最棒的队长[心]。@GDRAGON_OFFICIAL","G_soohyun"
"270","抹最艳的唇，吻最爱的人，🙈新年快到了，妖孽团队为宝宝们奉上福利啦~现关注我并转发艾特两名好友，抽6名粉丝送[口红][口红][口红]，一等奖2名：MAC口红#mac#；二等奖4名：悦诗风吟口红（色号可自选）。本期互动话题： #撩汉那点事#“哪个瞬间，你觉得自己被撩到了？”  🙋🙋赶快在评论区留言吧，本周六@微博抽奖平台开奖 哦","吃可爱长大的黎泰院小绅士"
"271",":#权志龙# 当年某人恋情在台上被曝光时，八卦龙反应是这样的：捂脸笑倒在地🙊→疯狂抖动双腿[眼泪]→起身跑去后台拿手机[iphone]→冲向第一排最佳拍摄位置📸@GDRAGON_OFFICIAL ​","LoyaltoG"
"272",":#权志龙# 晚安志龙阿[蓝心]🐲@GDRAGON_OFFICIAL [月亮] ​","BALAONLYJIYONG"
"273",":#权志龙# 晚安志龙阿[蓝心]🐲@GDRAGON_OFFICIAL [月亮] ​","BALAONLYJIYONG"
"274",":为什么 每一次见你的每一个瞬间都会有新的心动#权志龙##权志龙chanel全球形象大使# ​","CrayonBlue_G"
"275","#权志龙##权志龙chanel全球形象大使# Chanel“Mademoiselle Privé”展览 香港站地点： PMQ元创方香港中环鸭巴甸街 35号展览日期：2018年1月13日至2月10日G-DRAGON ——BOJOUXDE DIAMANTS COLLECTION（P1 P2）GD海报（P3）ps:前线说一开始是可以选择的后来海报就随机了🙊选GD海报的人太多了展览相关介绍🔗http://t.cn/RQQ0DUJ@GDRAGON_OFFICIAL","甜龙初恋_"
"276",":我现在特怕一张口叫同事的时候喊出权志龙的名字[拜拜][拜拜][拜拜]今天就差一点了[拜拜][拜拜][拜拜] ​","脸红的思龙妻"
"277",":#权志龙##权志龙的权世界# 《blue》是在2012年2月发行的歌曲，收录于专辑《Alive》中，哥哥们在2011年经历了很多是非，但是VIP们陪着哥哥们走过了那一段艰难的时期，2012年回归的时候，就用曾受过的磨难作为题材，写出BLUE这首表达他们当时心情的歌曲。冬去春又来，接下来的日子VIP们也要陪哥哥同行哦！可爱的VIP们今夜晚安喽！@GDRAGON_OFFICIAL  （cr.logo） http://t.cn/RQnKfTU","权志龍-FOREVER"
"278","发布了头条文章：《作为一种artist的权志龙》 作为一种artist的权志龙 ​","甜龙初恋_"
"279","你觉得你的爱豆，应该了解一下什么？ ​","三木木金华"
"280","#权志龙##全世界最好的队长权志龙# 我之前一直以为（很多人应该也以为），队长只是根据成员的声音特点来给组合写歌制作专辑，其余每个人的part都是那个人自己负责酝酿情感琢磨表现方式去演唱。直到今天看到这条微博【http://t.cn/RQEFyin】，看到团长说的，我才知道，原来每个成员的part他都会从头到尾以那个成员的嗓音和特色唱一遍，录成母带来让成员学唱和调整。而且不是一首，是每一首[泪]。原来那么好听的歌曲是这样表现出来的啊，原来BIGBANG是这样成长起来的啊，原来在我们不知道的地方，他为组合付出了这么多这么多心血啊[泪][泪][泪]。辛苦了，最棒的权制作人，最棒的队长[心]。@GDRAGON_OFFICIAL","甜龙初恋_"
"281","【Melon历年年榜】#BIGBANG# BIGBANG 历年年榜100歌曲#拿去吹吧# Cr.핑끄 ​​​","权志龙的怀中猫_G"
"282",":#权志龙# 你永远不会知道 看着小身子骨的他 到底隐藏了多少的才气与惊喜 ​","胜铉GET志龙"
"283",":#权志龙##一骑绝尘权志龙# 这位大佬  你还记得你的粉丝ldjj么[笑cry] ​","蜗牛不二一步一步向上爬"
"284","YG曾经失误放出的#BIGBANG#《Lady》guide版 cr.theqoo据说#GD#在唱guide的时候，尽量根据队友的嗓音和特色来演唱，所以队友们只听guide就知道哪个是自己的部分视频中的名字是最终版的part[微风]网友回复请看评论区 花花走花路的秒拍视频 ​","Kwon_Jetaime"
"285","#bigbang#《Stand Up (Intro)》#GD##权志龙# guide版 ytb/Phoenix08韩网友说：我喜欢Stand Up的guide，因为能看到制作音乐的过程先听听GD自己唱的demo版，然后再看最终版，可以明显感觉到完成基本工作后，后续是怎么改歌词和重新制作sound的 花花走花路的秒拍视频 ​","__志龍甜心"
"286",":我免费围观了 @林瑠梨 的回答，问题价值 55.00 元，快来一起免费围观~ <br />微博问答:权志龙看了水原希子的全裸床戏啥反应？GD吃醋么？ ​","墨染流年0704"
"287","#bigbang#《Stand Up (Intro)》#GD##权志龙# guide版 ytb/Phoenix08韩网友说：我喜欢Stand Up的guide，因为能看到制作音乐的过程先听听GD自己唱的demo版，然后再看最终版，可以明显感觉到完成基本工作后，后续是怎么改歌词和重新制作sound的 花花走花路的秒拍视频 ​","把小心心给鸡涌欧巴"
"288",":宝贝吃多点啊！好瘦的！这调皮的三岁！[悲伤]#一骑绝尘权志龙##权志龙# ​","-路过-你"
"289",":#权志龙#170618 GD世巡澳门站day2 鞠躬的时候帽子不小心掉了 赶紧走两步去捡起来不知道为什么 就....觉得好萌啊 秒拍视频 文题热 ​","殷找莫殷乖捐"
"290","#GDWORLD# 141213 Wuhan Fanmeeting - GD(图片禁止二改[羊年大吉]）GDWORLD网站网址：G D W O R L D . C O . K R ​","-路过-你"
"291",":我围观了@林瑠梨 的回答，该问题价值77.99元，围观仅1元，快来一起围观~ <br />微博问答:为何说权志龙已经在包养女友李珠妍？ ​","猪肥肥花"
"292","141201 YG X QQMUSIC 战略发布会 GD 高清翻拍预览 9P~~ 皮下已被帅晕 预计还有一批高清预览即将来临~~ ​","-路过-你"
"293","141201 YG X QQMUSIC 战略发布会 GD 高清翻拍预览 9P~~ 皮下已被帅晕 预计还有一批高清预览即将来临~~ ​","-路过-你"
"294","【Melon历年年榜】#BIGBANG# BIGBANG 历年年榜100歌曲#拿去吹吧# Cr.핑끄 ​​​","xxx_KJY"
"295",":#权志龙##一骑绝尘权志龙# 乖乖龙宝，虽然有点难但是希望你入伍后好好吃饭，长点肉肉回来[爱你]cr.logo rosemary有严重拖延症的秒拍视频 ​","rosemary有严重拖延症"
"296","有哪个坑，一旦你了解一下，就会吸光几乎你所有的钱？[允悲] ​","MYGDya"
"297",":Window的现场版。可以说是非常喜欢这首歌了，白发泪痣耳坠服装，一切都完美。大锅的solo现场真的各种美好[兔子]  #权志龙# Formyself23的秒拍视频 ​","Formyself23"
"298",":#权志龙##一骑绝尘权志龙# Fans:鸡涌啊，撒浪嘿鸡涌:呐都撒浪嘿（我也爱你）哥啊，我爱你啊[鲜花][鲜花][鲜花][允悲]日常羡慕[泪]鸡涌家滴烊烊玺的秒拍视频 ​​​ 鸡涌家滴烊烊玺的秒拍视频 ​","鸡涌家滴烊烊玺"
"299","陈伟霆，请你离粉丝的生活远一点，OK？ ​","男孩像你___"
"300",":#权志龙##一骑绝尘权志龙# 无处不在的GD欧巴[亲亲][亲亲][亲亲][亲亲]随便看点什么都能遇到你[飞吻][飞吻]这感觉太美好[太开心][太开心]@GDRAGON_OFFICIAL ​","MybabyG-Dragon"
"301",":BIGBANG《우리 사랑하지 말아요》歌词视频教学新鲜出炉啦～[笑而不语][笑而不语]这次是我配音哒，不过……感觉韩文说的比普通话好听些是怎么回事儿[跪了]一定到听到最后[笑而不语]#BIGBANG# #权志龙#@BIGBANG_ASIA @BIGBANG资讯台 @bigbang资源社 @Bigbang权志龙公共主页 @BIGBANG @音悦Tai-Bigbang饭团 @BIGBANG爆炸会 @BIGBANG_Korea @BigBang专属微博 @GDRAGON_OFFICIAL @SEUNGRI胜利-YG L_月儿好看_的秒拍视频 http://t.cn/RQnGHsL","_月儿好看_"
"302",":#权志龙##权志龙的权世界# 视频中的活力男孩[舔屏]突然想把全世界的幸运都给你@GDRAGON_OFFICIAL  （cr.logo） 权志龍-FOREVER的秒拍视频 ​","权志龍-FOREVER"
"303",":#权志龙##全世界最好的队长权志龙# 我之前一直以为（很多人应该也以为），队长只是根据成员的声音特点来给组合写歌制作专辑，其余每个人的part都是那个人自己负责酝酿情感琢磨表现方式去演唱。直到今天看到这条微博【http://t.cn/RQEFyin】，看到团长说的，我才知道，原来每个成员的part他都会从头到尾以那个成员的嗓音和特色唱一遍，录成母带来让成员学唱和调整。而且不是一首，是每一首[泪]。原来那么好听的歌曲是这样表现出来的啊，原来BIGBANG是这样成长起来的啊，原来在我们不知道的地方，他为组合付出了这么多这么多心血啊[泪][泪][泪]。辛苦了，最棒的权制作人，最棒的队长[心]。@GDRAGON_OFFICIAL","8·18"
"304","数据基于Gaon的流媒榜:此图是男组合登顶 Melon/Gaon的周，月，年榜次数的榜单Source: dc inside gallery ​","8XZ7lI"
"305",":#权志龙##x起义·2018#  2015MAMA后台花絮公开，带你认识台上台下不一样的艺人光环权志龙。[羞嗒嗒][羞嗒嗒] cr.logo.(L）PEACE权的秒拍视频 ​","韩都衣舍G-Dragon粉丝团"
"306",":哈哈哈哈哈哈……我崽子的正确打开方式～[青蛙] [皇冠] 🦁 [蝴蝶结] [病毒] 🍥#权志龙##Gdragon##龙蛋宝宝# 追星崽，还是要追龙哥才是我的好崽子!#青蛙旅行##向全世界安利权志龙# ​","竹节G龙蛋"
"307",":虽然董力帅，[xkl打岔][xkl打岔]#大雪冬至定档1月25日#阿拉蕾萌，可是真的没办法接受这种什么实习奶爸，这亲妈也不知道怎么想的[汗]。想起权志龙去小爱家做客，小爱衣服脏了，当面脱衣服，权志龙脸耳朵都红了的场景。而且第一期，张亮带森蝶，都是森蝶自己在b站看完《熔炉》解说的 ​","陈铭烨ta爹"
"308","【Melon历年年榜】#BIGBANG# BIGBANG 历年年榜100歌曲#拿去吹吧# Cr.핑끄 ​​​","PMOnly818"
"309","【Melon历年年榜】#BIGBANG# BIGBANG 历年年榜100歌曲#拿去吹吧# Cr.핑끄 ​​​","权馨权翼"
"310",":🙃🙃🙃老阿姨，喜欢零零年的小哥哥🙃🙃🙃不管不管，长得对眼的都是小哥哥#范丞丞# 权志龙就先放一边吧[允悲][允悲][允悲]总算想起来那个蔡徐坤像谁了……神似GD和张贤胜…………ps：真的很像大型相亲现场……[眼泪][眼泪][眼泪][眼泪][眼泪][眼泪][眼泪][眼泪][眼泪][眼泪][眼泪] ​","也不管人家受得了受不了"
"311","개소리(bullshit)171230LAST DANCE in SEOUL#權志龍##권지용##KwonJiyong##GDRAGON##지드래곤##NumberG# ​","权志龙是我的心头宝"
"312",":@GDRAGON_OFFICIAL  我在#明星ALL榜#上为你加油啦，你是我今生唯一的执著哦。#权志龙# 棒棒哒！@超级应援 明星ALL榜 ​","Dragon宝88818"
"313",":#权志龙##一骑绝尘权志龙# @GDRAGON_OFFICIAL 穿着小香的男孩纸真的好看 这个扇子真的是太有意思了 真的太佩服权先生的创意了[爱心]️[星光]💯🔮[星光]永远支持您一切的决定[星光] AllForGDForever的秒拍视频 ​","AllForGDForever"
"314","【Melon历年年榜】#BIGBANG# BIGBANG 历年年榜100歌曲#拿去吹吧# Cr.핑끄 ​​​","8·18"
"315","YG曾经失误放出的#BIGBANG#《Lady》guide版 cr.theqoo据说#GD#在唱guide的时候，尽量根据队友的嗓音和特色来演唱，所以队友们只听guide就知道哪个是自己的部分视频中的名字是最终版的part[微风]网友回复请看评论区 花花走花路的秒拍视频 ​","你怕未来吗"
"316",":#权志龙##一骑绝尘权志龙# 2013 one of a kind.  Tour in Japan Crayon +fantastic baby 才华横溢的龙崽崽[鲜花][鲜花][鲜花] 鸡涌家滴烊烊玺的秒拍视频 ​","鸡涌家滴烊烊玺"
"317","”易烊千玺你变了！”“放开我儿子！”哈哈哈哈哈哈哈[跪了][跪了][跪了] 圈太子的秒拍视频 ​","差不多和无所谓"
"318",":每天打卡 每日一图 超级VIP 话说-#Gdragon# 和#权志龙# 好像关联了呢[并不简单] ​","董小姐-爱媚一生"
"319","YG曾经失误放出的#BIGBANG#《Lady》guide版 cr.theqoo据说#GD#在唱guide的时候，尽量根据队友的嗓音和特色来演唱，所以队友们只听guide就知道哪个是自己的部分视频中的名字是最终版的part[微风]网友回复请看评论区 花花走花路的秒拍视频 ​","志龙小橘子"
"320",":#权志龙##一骑绝尘权志龙# [甜筒]头发～真的超级好看 <ᴛʜɪs ʟᴏᴠᴇ>[大哭][大哭][大哭][大哭][大哭]ᴄʀ.ʟᴏɢᴏ权志龙xɪ真的怎么看都很好看[大哭][大哭][大哭][大哭][大哭] AllForGDForever的秒拍视频 ​","AllForGDForever"
"321",":#权志龙#心情不好就看这个[害羞][亲亲]那么爱卖萌还害羞[色]的@GDRAGON_OFFICIAL cr logo 微博视频 ​","在下_Xiao某"
"322","#流流的PhotoTime# 那些令人心空的瞬间[心]，说说你被谁撩到了？ cr：logo ​","pbilacnk"
"323",":#权志龙#旧爱#水原希子#最近kiko吐槽GD沉迷酒色了，哈哈哈哈哈哈哈哈哈哈哈。GD听了后估计得气疯[doge]恨不得马上和女友#李珠妍#分开？ ​","林瑠梨"
"324","小美好💕💕💕#权志龙##权志龙chanel全球形象大使# ​","G_Dyong"
"325","[摊手] ​","G_Dyong"
"326","#流流的PhotoTime# 那些令人心空的瞬间[心]，说说你被谁撩到了？ cr：logo ​","鸡涌宝贝儿_"
"327","PMO DOWN SCARF #1 ​","G_Dyong"
"328",":#权志龙# GD欧巴真是仙气飘飘啊黑色小顺毛真乖秒拍视频 ​​​​","权志龙全球粉丝会"
"329",":#权志龙# 小奶音让人实在受不了了秒拍视频 ​​​​","GDRAGON_OFFICIALV_"
"330","#流流的PhotoTime# 那些令人心空的瞬间[心]，说说你被谁撩到了？ cr：logo ​","甜届一番"
"331",":#終極一班5#【#权志龙#X171202BIGBANGJAPANDOMETOUR2017LASTDANCEINNAGOYA】DAY1饭拍视频crgbyul202@GDRAGON_OFFICIAL花车上可爱又忙碌权志龙的移动城堡的秒拍视频 ​","kristenhu英"
"332","#权志龙##权志龙可爱# 2013～2015一个西瓜籽[西瓜]自己也能玩的开心[大笑]@GDRAGON_OFFICIAL ​","Y呆妹子"
"333",":#无论春秋几番流逝，我还是如此想念着你##权志龙# [喵喵][喵喵]又是想着龙哥的一天@GDRAGON_OFFICIAL  [心][心] ​","傻女Bang"
"334",":我剁手都要买的宝贝（GD权志龙同款半透太阳眼镜男红色墨镜Ambush圆框日本金属框潮个性），快来和我一起瓜分红包 GD权志龙同款半透太阳眼镜男红色墨镜Ambush圆框日本金属框潮个性 ​","AimeeSongofstyle粉丝团"
"335","土制版bang bang bang… 土味挖掘机的秒拍视频 ​","不吃炒面的花伦美少男"
"336",":#一骑绝尘权志龙##权志龙# 热爱音乐的你总是努力向我们展示最好的状态[好喜欢]给我们呈现最完美的舞台[羞嗒嗒]而我们喜欢你[心]喜欢你每一个样子，喜欢你每一个舞台 ​​​有句话很老，但我还是想说: 我喜欢的样子你都有[兔子]更幸福的是你的样子我都喜欢。谢谢上天让我在这花[樱花]一般的年纪见到你 ​","啵啵Fallulah"
"337","你觉得你的爱豆，应该了解一下什么？ ​","CG你好呀-"
"338",":@GDRAGON_OFFICIAL  我在#明星ALL榜#上为你加油啦，你是我今生唯一的执著哦。#权志龙# 棒棒哒！@超级应援 明星ALL榜 ​","Dragon宝88818"
"339",":#权志龙##x起义·2018#这就是我龙哥的实力[喵喵]百看不厌[摊手]（L）蜜汁玛丽大叔的秒拍视频 ​","韩都衣舍G-Dragon粉丝团"
"340","土制版bang bang bang… 土味挖掘机的秒拍视频 ​","你别傻逼"
"341","你觉得你的爱豆，应该了解一下什么？ ​","Love_Kwon"
"342",":#权志龙# 这个男孩子[酷]@GDRAGON_OFFICIAL ​","xy-_-G"
"343",":#BIGBANG##权志龙# 早期视频回顾一下[嘻嘻]@GDRAGON_OFFICIAL  [爱你][爱你][爱你] 天使般笑容的QZL的秒拍视频 ​","天使般笑容的QZL"
"344","兰州的交警年底真是特么想钱急疯了，感觉更年期到了一样到处贴罚单，大周末的我停到金城大剧院的停车场吃个牛肉面的功夫碍着你什么事了？一定要我马路上转几大圈找个每15分钟收6元的停车场吗，问题也找不上啊，有本事解决些停车场多好，我鄙视你们……，真希望你们都得糖尿病 兰州·永昌路 ​","PINNKU"
"345",":我在@超级星饭团 给#权志龙#加热了1次，支持你@GDRAGON_OFFICIAL [心][心][心] ​","哈哈好吧12"
"346",":#权志龙# 这就是我龙哥的实力[喵喵]百看不厌[摊手]蜜汁玛丽大叔的秒拍视频 ​","BIGBANG爆炸台"
"347",":高考文具毕业相册和大学录取通知书一起送来的书黄子韬的n张海报exo数不清的明信片sasa给的有关权志龙和郑氏姐妹的七七八八又苦又甜的2015 ​","王小玉小褶子"
"348",":#权志龙##一骑绝尘权志龙##权志龙chanel全球形象大使# 帅哥『绝对没整容！看过权志龙的童年照，网友叹：帅与丑早已注定！』绝对没整容！看过权志龙的童年照，网友叹：帅与丑早已注定！ ​","lsd03"
"349",":@GDRAGON_OFFICIAL  我在#明星ALL榜#上为你加油啦，你是我今生唯一的执著哦。#权志龙# 棒棒哒！@超级应援 明星ALL榜 ​","Dragon宝88818"
"350","#权志龙# 看第一个镜头就受不了了[害羞][亲亲]那么爱卖萌还害羞[色]看完心情好好微博视频 ​","GndD818"
"351","#权志龙# GD高清饭拍 HQ9P 每一帧都是经典，每一张都是回忆  （D） #x起义·2018# ​","皇冠海海海"
"352","#权志龙##权志龙作词作曲# 180123 【melon年榜2017】35. Untitled,2014 - G-Dragon21. Fxxk It - Bigbang 85. Last Dance - Bigbang @GDRAGON_OFFICIAL ​","G_soohyun"
"353",":#权志龙# GD高清饭拍 HQ9P 每一帧都是经典，每一张都是回忆  （D） #x起义·2018# ​","韩都衣舍G-Dragon粉丝团"
"354","你曾经有没有小心翼翼地暗恋一个人？你是不是和他们一样，因为不勇敢错过了很多人。[心]拜托啦学妹的秒拍视频 #拜托啦学妹# ​","Lauhongyy"
"355","等你回家哦☘️☘️☘️ cr：水母Chen ​","九姥姥不爱吃米饭-"
"356",":#BIGBANG##权志龙# 喜欢看你们边唱歌也打闹的舞台，五个长不大的孩子，以后都要好好的[心][心][心][心][心]@GDRAGON_OFFICIAL  [爱你][爱你][爱你] 天使般笑容的QZL的秒拍视频 ​","天使般笑容的QZL"
"357","我真的十分佩服了土味老爹的秒拍视频 ​","啃个饼"
"358",":#权志龙# 酷酷的wink～cr.水印 侵删 ​","龙瑜_"
"359","我真的十分佩服了土味老爹的秒拍视频 ​","冰糖草莓嘎拉"
"360","一个是亚洲最红组合的灵魂人物GD，一个是我们@iG电子竞技俱乐部 负责人@Mintyblue藏马 [doge] 傻傻分不清 ​","iGo_YoungHomie"
"361",":@GDRAGON_OFFICIAL  我在#明星ALL榜#上为你加油啦，你是我今生唯一的执著哦。#权志龙# 棒棒哒！@超级应援 明星ALL榜 ​","Dragon宝88818"
"362","#权志龙# 看第一个镜头就受不了了[害羞][亲亲]那么爱卖萌还害羞[色]看完心情好好微博视频 ​","GndD818"
"363","#权志龙# GD高清饭拍 HQ9P 每一帧都是经典，每一张都是回忆  （D） #x起义·2018# ​","皇冠海海海"
"364","#权志龙##权志龙作词作曲# 180123 【melon年榜2017】35. Untitled,2014 - G-Dragon21. Fxxk It - Bigbang 85. Last Dance - Bigbang @GDRAGON_OFFICIAL ​","G_soohyun"
"365",":#权志龙# GD高清饭拍 HQ9P 每一帧都是经典，每一张都是回忆  （D） #x起义·2018# ​","韩都衣舍G-Dragon粉丝团"
"366",":@GDRAGON_OFFICIAL  我在#明星ALL榜#上为你加油啦，你是我今生唯一的执著哦。#权志龙# 棒棒哒！@超级应援 明星ALL榜 ​","Dragon宝88818"
"367","你曾经有没有小心翼翼地暗恋一个人？你是不是和他们一样，因为不勇敢错过了很多人。[心]拜托啦学妹的秒拍视频 #拜托啦学妹# ​","Lauhongyy"
"368","等你回家哦☘️☘️☘️ cr：水母Chen ​","九姥姥不爱吃米饭-"
"369",":#BIGBANG##权志龙# 喜欢看你们边唱歌也打闹的舞台，五个长不大的孩子，以后都要好好的[心][心][心][心][心]@GDRAGON_OFFICIAL  [爱你][爱你][爱你] 天使般笑容的QZL的秒拍视频 ​","天使般笑容的QZL"
"370","我真的十分佩服了土味老爹的秒拍视频 ​","啃个饼"
"371",":（代售。各类明星签名照片及专辑和演唱会门票）#权志龙# 《买专辑送签名照片 》权志龙 签名专辑和 权志龙签名照片母胎 SOL O 3辑US B签名 扇子 +礼物 SOLO2二 专辑ON E OFAKIND青铜版 C D#权志龙携同名专辑回归##权志龙0818生日快乐# GD #GD#             想要得速速联系我      与音像公司合作 权志龙周边","张伟伟伟z"
"372","#权志龙#  就是要这样的隐约线条，不要太厚实的肌肉，小身板好可爱[可爱]秒拍视频 ​","G_soohyun"
"373",":#一骑绝尘权志龙##权志龙# 太受不了顶胯了[污][污][污] to_get_her_jing的秒拍视频 ​","to_get_her_jing"
"374",":G-DRAGON (权志龙)/CL (李彩琳)《The Baddest Male + MTBD (坏男孩 + 奔溃) (Live)》 The Baddest Male + MTBD @QQ音乐Wuli GD欧巴爱你[爱心][爱心][爱心][爱心][爱心] ​","风信子fly"
"375",":日常想你[心]还想再看你solo手晃手抖治不了[泪]跳舞真是好看的不行[心]#权志龙# 你乖就抱哦的秒拍视频 ​","你乖就抱哦"
"376","#权志龙##一骑绝尘权志龙# 180122 VOGUE JAPAN推特更新改变人生！？流行格言大特集。活跃于世界的G-DRAGON「一直沿着自己觉得正确的路向前走、散发属于自己的独一无二的光芒，难道不是这样吗？」——『VOGUE JAPAN』2014年4月P.s 文章是VOGUE JAPAN 2015年3月23日发布在官网的流行格言大特集，是创刊15周年的本刊『VOGUE JAPAN』的存档。昨天推特推了志龙君的格言。原文🔗http://t.cn/RQRSlOs日翻 by Betty酱@GDRAGON_OFFICIAL","Moncy_G"
"377",":中国馆—宝马体验店—梅赛德斯奔驰广场—思南公馆—中国琉璃博物馆—权志龙8秒旗舰店—田子坊—无印良品旗舰店—高楼摩天轮 ​","港港yoo"
"378",":【#权志龙#X171202BIGBANGJAPANDOMETOUR2017LASTDANCEINNAGOYA】DAY1饭拍视频crgbyul202@GDRAGON_OFFICIAL花车上可爱又忙碌权志龙的移动城堡的秒拍视频 ​","雷神gogogo千里马"
"379","【体育朝鲜】标题：自尊心受挫的杨贤硕YGPLUS,但凡插手的事业均赤字新闻概要：简单来说，这几年投资的各项事业全部为赤字。1.YGPLUS 累计赤字36亿韩元。2.Moonshot 累计赤字23亿韩元。3.CODECOSME总损失24亿韩元。4.饮食业，三年累计赤字20多亿。转载请注明：怪蜀黍在我家吧来源：http://t.cn/RQRYL5y","情侣去死去死团权团长"
"380",":刚才采访琳琳你对未来男朋友有什么要求？琳:就蛋蛋那样的啦（很娇羞）：能不能现实一点琳:我现在多现实啊 之前都是喜欢吴亦凡啊权志龙那样的 是不是：好像没毛病。。。 ​","小漂亮999"
"381",":#权志龙##权志龙忘记INS密码#    爱豆不出现之磕旧图系列[心]        cr.on pic ​","权家后院的欧尼"
"382",":@GDRAGON_OFFICIAL  我在#明星ALL榜#上为你加油啦，你是我今生唯一的执著哦。#权志龙# 棒棒哒！@超级应援 明星ALL榜 ​","Dragon宝88818"
"383","#权志龙##一骑绝尘权志龙# 180122 VOGUE JAPAN推特更新改变人生！？流行格言大特集。活跃于世界的G-DRAGON「一直沿着自己觉得正确的路向前走、散发属于自己的独一无二的光芒，难道不是这样吗？」——『VOGUE JAPAN』2014年4月P.s 文章是VOGUE JAPAN 2015年3月23日发布在官网的流行格言大特集，是创刊15周年的本刊『VOGUE JAPAN』的存档。昨天推特推了志龙君的格言。原文🔗http://t.cn/RQRSlOs日翻 by Betty酱@GDRAGON_OFFICIAL","爱GD滴君小美"
"384","听说转发一下会带来很多很多很多的好运喔(*╹▽╹*) ​","是树苗苗呀"
"385",":我分享了 @林瑠梨 在微博问答作出的回答 <br />微博问答:为何说权志龙已经在包养女友李珠妍？ ​","会飞翔的Feather儿"
"386",":我围观了@林瑠梨 的回答，该问题价值77.99元，围观仅1元，快来一起围观~ <br />微博问答:为何说权志龙已经在包养女友李珠妍？ ​","会飞翔的Feather儿"
"387",":#权志龙# 与#MIXNINE# 参赛者们见面...应援最终公演 ​​​（D） #x起义·2018# ​","韩都衣舍G-Dragon粉丝团"
"388",":#权志龙# 志龙每次在唱这首歌的时候，都会想些什么呢秒拍视频 ​​​​","BIGBANG新动态"
"389",":我正在爱奇艺看爱奇艺泡泡圈-权志龙，快来 @爱奇艺 一起看！http://t.cn/RQRBhXe ​","爱志龙的莹宝啊"
"390",":权志龙的面相略微往后翻的尖尖的耳朵，说明G-DRAGON聪明且对人亲切，善于人际关系处理。另外，耳朵最下方比眉毛的位置要低且与鼻尖位置相仿，这充分反映出G-DRAGON充满活力和艺术细胞且稳健的性格。  额头属于M字型，略微突出，这种形状的人善恶分明，拥有决断力。同时，想法坚固，推理能力强，在任何地方都不会不自信或怯场。嘴型是“狮子口”字，一般有这种嘴型的人聪明且才华横溢。如果往学术方面发展，大多会获得成功  G-DRAGON上舞台时通常会画上浓重的烟熏妆。但他的眼睛其实是细长且稍微下垂。有这种眼睛形状的人，通常对人亲切并关怀谭人，也非常慎重，因此容易让人产生信任感，想去倚靠。  但同时看世界的视野有限，因此要小心被人蒙骗。眼珠形状属于“桃花眼”，这种人通常会比较孤单，且缘分浅。这表明G-DRAGON比起异性运，更具有大众运。另外，眼珠下方的白眼球较明显。这表明，G-DRAGON有野心，有执念，同时也是凡事努力的人。这样的人拥有风范的同时还会爱惜自己。               -摘自戴老司的「明星面相-权志龙」","SuperSuperGDragon"
"391",":#权志龙##权志龙#  日常看龙哥 ​","LONGQIANY"
"392","你觉得你的爱豆，应该了解一下什么？ ​","龙伴铉_"
"393",":#朱婷##权志龙#     一个是排球界爱豆[爱你]一个是音乐界的爱豆[心] （2015年知道的认识的大婷，但是正式开始粉她是从奥运会之后！权志龙喜欢了他10年的。记得以前都是在QQ空间刷他的动态，2013年为他开通的微博，只是没怎么刷。不过呢不管是粉大婷还是权志龙我一直都是做个低调的小透明默默关注就好[羞嗒嗒]）","是芳冰呀"
"394",":16leo#权志龙#这是这次巡回演唱会最后一次唱《无题》VIP都心碎了鸡涌酥的秒拍视频 ​","上海大益茶业有限公司"
"395",":权志龙《狂放》友情助阵IU巡回演唱会，现场都嗨爆了。 摆动的jazz的秒拍视频 ​","摆动的jazz"
"396",":#权志龙#随便摆个pose都好看 to_get_her_jing的秒拍视频 ​","BIGBANG爆炸会"
"397",":学车是个技术活，欧巴你将你老司机的经验传授给我啊啊啊#权志龙# [可怜][可怜][可怜] 中山·沙岗墟 ​","Sevenshiying"
"398",":我的上大汽车棕  【权志龙 综艺】G-Dragon_Style Magazine采访cut 中字 当被问到为什么总穿低裆裤的时候 龙哥很man地回答说：“因为是男人啊！”秒拍视频（上#秒拍#看我的最新短视频，下载秒拍- 网页链接）  秒拍视频 ​","美哒哒-小莉"
"399","抱歉，由于作者设置，你暂时没有这条微博的查看权限哦。查看帮助：http://t.cn/RfdBWwP ​","-Sun孙晓桐"
"400","听说转发一下会带来很多很多很多的好运喔(*╹▽╹*) ​","是树苗苗呀"
"401",":我分享了 @林瑠梨 在微博问答作出的回答 <br />微博问答:为何说权志龙已经在包养女友李珠妍？ ​","会飞翔的Feather儿"
"402",":我围观了@林瑠梨 的回答，该问题价值77.99元，围观仅1元，快来一起围观~ <br />微博问答:为何说权志龙已经在包养女友李珠妍？ ​","会飞翔的Feather儿"
"403",":#权志龙# 与#MIXNINE# 参赛者们见面...应援最终公演 ​​​（D） #x起义·2018# ​","韩都衣舍G-Dragon粉丝团"
"404",":#权志龙# 志龙每次在唱这首歌的时候，都会想些什么呢秒拍视频 ​​​​","BIGBANG新动态"
"405",":我正在爱奇艺看爱奇艺泡泡圈-权志龙，快来 @爱奇艺 一起看！http://t.cn/RQRBhXe ​","爱志龙的莹宝啊"
"406",":权志龙的面相略微往后翻的尖尖的耳朵，说明G-DRAGON聪明且对人亲切，善于人际关系处理。另外，耳朵最下方比眉毛的位置要低且与鼻尖位置相仿，这充分反映出G-DRAGON充满活力和艺术细胞且稳健的性格。  额头属于M字型，略微突出，这种形状的人善恶分明，拥有决断力。同时，想法坚固，推理能力强，在任何地方都不会不自信或怯场。嘴型是“狮子口”字，一般有这种嘴型的人聪明且才华横溢。如果往学术方面发展，大多会获得成功  G-DRAGON上舞台时通常会画上浓重的烟熏妆。但他的眼睛其实是细长且稍微下垂。有这种眼睛形状的人，通常对人亲切并关怀谭人，也非常慎重，因此容易让人产生信任感，想去倚靠。  但同时看世界的视野有限，因此要小心被人蒙骗。眼珠形状属于“桃花眼”，这种人通常会比较孤单，且缘分浅。这表明G-DRAGON比起异性运，更具有大众运。另外，眼珠下方的白眼球较明显。这表明，G-DRAGON有野心，有执念，同时也是凡事努力的人。这样的人拥有风范的同时还会爱惜自己。               -摘自戴老司的「明星面相-权志龙」","SuperSuperGDragon"
"407",":#权志龙##权志龙#  日常看龙哥 ​","LONGQIANY"
"408","你觉得你的爱豆，应该了解一下什么？ ​","龙伴铉_"
"409",":#朱婷##权志龙#     一个是排球界爱豆[爱你]一个是音乐界的爱豆[心] （2015年知道的认识的大婷，但是正式开始粉她是从奥运会之后！权志龙喜欢了他10年的。记得以前都是在QQ空间刷他的动态，2013年为他开通的微博，只是没怎么刷。不过呢不管是粉大婷还是权志龙我一直都是做个低调的小透明默默关注就好[羞嗒嗒]）","是芳冰呀"
"410",":16leo#权志龙#这是这次巡回演唱会最后一次唱《无题》VIP都心碎了鸡涌酥的秒拍视频 ​","上海大益茶业有限公司"
"411",":权志龙《狂放》友情助阵IU巡回演唱会，现场都嗨爆了。 摆动的jazz的秒拍视频 ​","摆动的jazz"
"412",":#权志龙#随便摆个pose都好看 to_get_her_jing的秒拍视频 ​","BIGBANG爆炸会"
"413",":学车是个技术活，欧巴你将你老司机的经验传授给我啊啊啊#权志龙# [可怜][可怜][可怜] 中山·沙岗墟 ​","Sevenshiying"
"414",":我的上大汽车棕  【权志龙 综艺】G-Dragon_Style Magazine采访cut 中字 当被问到为什么总穿低裆裤的时候 龙哥很man地回答说：“因为是男人啊！”秒拍视频（上#秒拍#看我的最新短视频，下载秒拍- 网页链接）  秒拍视频 ​","美哒哒-小莉"
"415","抱歉，由于作者设置，你暂时没有这条微博的查看权限哦。查看帮助：http://t.cn/RfdBWwP ​","-Sun孙晓桐"
"416","#权志龙##x起义·2018#  12年日本见面会 粉毛时期 GD出现画面精选cut Part1（游戏环节）全程萌cry[拜拜]随手摘个墨镜都能引起轰动[doge]调戏镜头 把粉丝撩的不要不要的[害羞]猜自己的歌还要坐在地上傻傻想半天[笑cry]【恩 一定是欧巴歌太多[doge]惩罚扮小羊 啊...这样的羊羊好想抱回家养[泪][泪][泪]欧巴多才多艺画画也好棒！作品是大声的鼻子“山”[哈哈]羽毛球比赛也赢啦[太开心]【Re-upload video 24】(v)cr.logo @GDRAGON_OFFICIAL #全世界最可爱的权志龙# http://t.cn/RQQ0J7d","haruharu-88"
"417",":BIGBANG权志龙带病助阵IU首尔演唱会，演唱《无题》，深情款款！ 好听到发疯的秒拍视频 ​","好听到发疯"
"418","#权志龙##一骑绝尘权志龙# 180122 VOGUE JAPAN推特更新改变人生！？流行格言大特集。活跃于世界的G-DRAGON「一直沿着自己觉得正确的路向前走、散发属于自己的独一无二的光芒，难道不是这样吗？」——『VOGUE JAPAN』2014年4月P.s 文章是VOGUE JAPAN 2015年3月23日发布在官网的流行格言大特集，是创刊15周年的本刊『VOGUE JAPAN』的存档。昨天推特推了志龙君的格言。原文🔗http://t.cn/RQRSlOs日翻 by Betty酱@GDRAGON_OFFICIAL","8·18"
"419",":权志龙李胜利已经成功把他们丈母娘的心俘虏了[ok] ​","_DivinaCommedia"
"420",":#BIGBANG##权志龙# 早上好龙宝，睁开眼第一件事就是四处搜索着关于你的所有，想你[心][心][心][亲亲][亲亲][亲亲]@GDRAGON_OFFICIAL  [爱你][爱你][爱你] ​","天使般笑容的QZL"
"421",":昨天做了个心砰砰跳的梦，有人给我送了两盒各种各样耳钉耳环，我有印象的是各种可爱的红色，包装精致，一大一小，那个人大概是权志龙吧[皱眉][皱眉][皱眉]醒了真是满满的少女心，简直爆棚啊 ​","提拉米苏0219--"
"422",":#权志龙##权志龙的权世界# 清晨充电[闪电]这样的抱抱有木有很想要[偷乐]这只撒娇怪实在太甜啦[笑而不语] 十分想抱回家[污]小编也超想这样充电一下噢(///▽///)@GDRAGON_OFFICIAL （cr.logo） ​","权志龍-FOREVER"
"423",":#权志龙# 追来追去，发现最爱的还是他@GDRAGON_OFFICIAL [爱你] ​","爱默澈宇"
"424","#权志龙# 15年的无挑歌谣祭欧巴简直男友力爆表~！除了在私下发短信默默关心光熙、为他量身打造歌曲，舞台也处处照顾他外，在这之前的选择环节也苏到让人尖叫！太阳站起来给亨敦捧场 没想到最后亨敦用了挨个推人的激烈淘汰方式[笑cry]这时就明显看出来GD欧巴因为意料之外的展开开始替队友紧张了 瞬间站起来想去把他拉回来 这种条件反射般的保护人的感觉man爆了肿么破~！！[抓狂]欧巴真的超善良der！还有最后挑人时，队友向他征询意见，欧巴超苏的说了一句：你自己做决定吧～温柔又照顾人 太苏了！！[泪][泪][泪]【Re-upload video 23】@GDRAGON_OFFICIAL #一骑绝尘权志龙# 【权志龙视频】【权志龙综艺】 http://t.cn/RQlD6w6","Cara__xXQ"
"425",":（代售。各类明星签名照片及专辑和演唱会门票）#权志龙# 《买专辑送签名照片 》权志龙 签名专辑和 权志龙签名照片母胎 SOL O 3辑US B签名 扇子 +礼物 SOLO2二 专辑ON E OFAKIND青铜版 C D#权志龙携同名专辑回归##权志龙0818生日快乐# GD #GD#             想要得速速联系我      与音像公司合作 权志龙周边","张伟伟伟z"
"426",":#权志龙# 笑颜如花，比花娇，早安[樱花]💖@GDRAGON_OFFICIAL ​","G兔D"
"427",":#权志龙##Gdragon# 在弘大搭的舞台使弘大交通陷入瘫痪的男架 [c]️on pic ​","BIGBANG爆炸会"
"428",":啊哈哈哈哈，我也要跳到演唱会#权志龙# ​","权美少女"
"429",":HHBB2018[生病] 【#权志龙#X171202BIGBANGJAPANDOMETOUR2017LASTDANCEINNAGOYA】DAY1饭拍视频crlogo看他在移动舞台上蹦哒的提心吊胆权志龙的移动城堡的秒拍视频 ​","張-大能耐"
"430",":#搞笑#权志龙在演唱会上曾经表演过迈克尔杰克逊舞蹈，来感受一下这种帅气吧！！秒拍视频 [帅] ​","竞相恋k00"
"431",":#权志龙# 呜呜我也要摸哥哥的脸，最后句话苏到我了GD_卉子的秒拍视频 ​​​​","GDRAGON_OFFICIALV_"
"432",":#权志龙##权志龙chanel全球形象大使#  这个男孩子撅嘴真的太好看了[爱你][爱你][爱你][爱你][爱你] cr：logo ​","姜声声家媳妇"
"433",":#权志龙# 早安小狮子[亲亲][亲亲][亲亲]@GDRAGON_OFFICIAL 上海·虹桥 ​","GD_Demo"
"434","#权志龙# 化身孩子控的龙哥，哈哈哈~眼神都好温柔！[太开心](cr.Mobbuyt Mobb) 韩游网的秒拍视频 ​","开心开心很开心xi"
"435",":#BIGBANG##权志龙# 早上好龙宝，睁开眼第一件事就是四处搜索着关于你的所有，想你[心][心][心][亲亲][亲亲][亲亲]@GDRAGON_OFFICIAL  [爱你][爱你][爱你] ​","天使般笑容的QZL"
"436",":昨天做了个心砰砰跳的梦，有人给我送了两盒各种各样耳钉耳环，我有印象的是各种可爱的红色，包装精致，一大一小，那个人大概是权志龙吧[皱眉][皱眉][皱眉]醒了真是满满的少女心，简直爆棚啊 ​","提拉米苏0219--"
"437",":#权志龙##权志龙的权世界# 清晨充电[闪电]这样的抱抱有木有很想要[偷乐]这只撒娇怪实在太甜啦[笑而不语] 十分想抱回家[污]小编也超想这样充电一下噢(///▽///)@GDRAGON_OFFICIAL （cr.logo） ​","权志龍-FOREVER"
"438",":#权志龙# 追来追去，发现最爱的还是他@GDRAGON_OFFICIAL [爱你] ​","爱默澈宇"
"439",":#权志龙##权志龙的权世界# 清晨充电[闪电]这样的抱抱有木有很想要[偷乐]这只撒娇怪实在太甜啦[笑而不语] 十分想抱回家[污]小编也超想这样充电一下噢(///▽///)@GDRAGON_OFFICIAL （cr.logo） ​","权志龍-FOREVER"
"440",":#权志龙# 追来追去，发现最爱的还是他@GDRAGON_OFFICIAL [爱你] ​","爱默澈宇"
"441","#权志龙# 15年的无挑歌谣祭欧巴简直男友力爆表~！除了在私下发短信默默关心光熙、为他量身打造歌曲，舞台也处处照顾他外，在这之前的选择环节也苏到让人尖叫！太阳站起来给亨敦捧场 没想到最后亨敦用了挨个推人的激烈淘汰方式[笑cry]这时就明显看出来GD欧巴因为意料之外的展开开始替队友紧张了 瞬间站起来想去把他拉回来 这种条件反射般的保护人的感觉man爆了肿么破~！！[抓狂]欧巴真的超善良der！还有最后挑人时，队友向他征询意见，欧巴超苏的说了一句：你自己做决定吧～温柔又照顾人 太苏了！！[泪][泪][泪]【Re-upload video 23】@GDRAGON_OFFICIAL #一骑绝尘权志龙# 【权志龙视频】【权志龙综艺】 http://t.cn/RQlD6w6","Cara__xXQ"
"442",":（代售。各类明星签名照片及专辑和演唱会门票）#权志龙# 《买专辑送签名照片 》权志龙 签名专辑和 权志龙签名照片母胎 SOL O 3辑US B签名 扇子 +礼物 SOLO2二 专辑ON E OFAKIND青铜版 C D#权志龙携同名专辑回归##权志龙0818生日快乐# GD #GD#             想要得速速联系我      与音像公司合作 权志龙周边","张伟伟伟z"
"443",":@GDRAGON_OFFICIAL  我在#明星ALL榜#上为你加油啦，你是我今生唯一的执著哦。#权志龙# 棒棒哒！@超级应援 明星ALL榜 ​","Dragon宝88818"
"479",":权志龙真的是世界上最鸡儿好看的人 ​","wang徐燕"
"444",":#权志龙# 笑颜如花，比花娇，早安[樱花]💖@GDRAGON_OFFICIAL ​","G兔D"
"445",":#权志龙##Gdragon# 在弘大搭的舞台使弘大交通陷入瘫痪的男架 [c]️on pic ​","BIGBANG爆炸会"
"446",":啊哈哈哈哈，我也要跳到演唱会#权志龙# ​","权美少女"
"447",":冬天也是能欣赏美男戏水的[doge]#权志龙苏神下凡# ​","肆月jsl"
"448",":#权志龙##权志龙chanel全球形象大使# @GDRAGON_OFFICIAL 好久不见了，想着接下来的两年……小哥哥你一定要好好的哦，等着你的王者归来！ ​","mirror_me"
"449",":#权志龙##x起义·2018#  这气场真是无敌了，尤其是那段RAP，真是太震撼了[拍手]都说了GD的ROP是世界级的，音乐响起那一瞬间，我要疯了微博视频 ​(v) cr.logo ​","韩都衣舍G-Dragon粉丝团"
"450",":#x起义·2018##权志龙的权世界# 权志龙真的可爱 你说啥是啥吧（谁让你可爱呢！ 1812号微博用户的秒拍视频 ​(v) cr.logo ​","韩都衣舍G-Dragon粉丝团"
"451",":#权志龙##x起义·2018#  12年日本见面会 粉毛时期 GD出现画面精选cut Part1（游戏环节）全程萌cry[拜拜]随手摘个墨镜都能引起轰动[doge]调戏镜头 把粉丝撩的不要不要的[害羞]猜自己的歌还要坐在地上傻傻想半天[笑cry]【恩 一定是欧巴歌太多[doge]惩罚扮小羊 啊...这样的羊羊好想抱回家养[泪][泪][泪]欧巴多才多艺画画也好棒！作品是大声的鼻子“山”[哈哈]羽毛球比赛也赢啦[太开心]【Re-upload video 24】(v)cr.logo @GDRAGON_OFFICIAL #全世界最可爱的权志龙# http://t.cn/RQQ0J7d","韩都衣舍G-Dragon粉丝团"
"452",":去年跪棒子权志龙的事情，可是引起了全民吐槽，大骂杜跪跪是块软骨头，丢了中国人的脸，结果这货还在《大本营》上作死的说就是想跪了，那是发自内心的真正想法。 ​","keenswordlj_aa8e21"
"453",":#权志龙##一骑绝尘权志龙##权志龙chanel全球形象大使# 新的一天，开心哦龙宝！[笑哈哈] ​","rosemary有严重拖延症"
"454",":#权志龙#权志龙又帅我一脸，舞台上的王者，就是这么霸气的[好爱哦][舔屏]~转~秒拍视频 ​","韩剧韩星汇"
"455",":@GDRAGON_OFFICIAL  我在#明星ALL榜#上为你加油啦，你是我今生唯一的执著哦。#权志龙# 棒棒哒！@超级应援 明星ALL榜 ​","Dragon宝88818"
"456",":@GDRAGON_OFFICIAL  我在#明星ALL榜#上为你加油啦，你是我今生唯一的执著哦。#权志龙# 棒棒哒！@超级应援 明星ALL榜 ​","Dragon宝88818"
"457","（M）#权志龙.我爱你# 20181121#权志龙ins相关#  原PO说在怀孕37周做了检查，后来在gubbeong遇到了g-dragon，与gd合影后gd对她说“祝您顺产”[爱心]️配字翻译byAA我们暖心的欧巴啊[心][心][心]#x起义·2018# ​","十梦九有你_Kjy"
"458",":#权志龙# 游戏部分剪辑，特别萌！！！权志龙稍微一个小动作宝宝就把持不住了 Gvdkfnes的秒拍视频 ​​​​","权志龙全球粉丝会"
"459",":#权志龙#GDins更新：??????????（翻：感谢大家的到来）bigbang资源社的秒拍视频 ​","意濛濛"
"460","#权志龙# 化身孩子控的龙哥，哈哈哈~眼神都好温柔！[太开心](cr.Mobbuyt Mobb) 韩游网的秒拍视频 ​","GD-sisi"
"461",":@GDRAGON_OFFICIAL  我在#明星ALL榜#上为你加油啦，你是我今生唯一的执著哦。#权志龙# 棒棒哒！@超级应援 明星ALL榜 ​","Dragon宝88818"
"462",":我免费围观了 @林瑠梨 的回答，问题价值 133.00 元，快来一起免费围观~ <br />微博问答:权志龙对郑秀晶和崔雪莉有过好感吗，当时在水晶的ins的点赞是怎么回事？ kiko对于新歌无题 为什么会怒了，小松听了新歌无题又是什么反应？谢谢。 ​","llyyshow"
"463",":#权志龙壁纸# 来微博龙发个自拍吧[泪] 别忘了我们好呢@GDRAGON_OFFICIAL ​","权助我中CHE"
"464",":#权志龙# 真的睡了，明天再想你[心]@GDRAGON_OFFICIAL ​","QZL一别经年"
"465",":#权志龙壁纸# 想你了[爱你]@GDRAGON_OFFICIAL ​","权助我中CHE"
"466",":#权志龙# 这个男人跳舞怎么如此有魅力，小奶音嗷嗷叫也是可爱的秒拍视频 ​​​​","GDRAGON_OFFICIALV_"
"467",":#权志龙#权志龙又帅我一脸，舞台上的王者，就是这么霸气的[好爱哦][舔屏]秒拍视频 ​","千年老妖Guyera"
"468","#权志龙#精致的小脸儿[求关注][求关注][求关注]@GDRAGON_OFFICIAL [c]rkgd818 ​","BALAONLYJIYONG"
"469",":#权志龙# 很想很想你 我的大宝贝 快来我的梦里吧 晚安[男孩儿][女孩儿]@GDRAGON_OFFICIAL ​​​","G_soohyun"
"470","#BIGBANG##权志龙#  🎞 摔吉他[吉他]（13个现场）合集[剪刀] [剪刀]  小猪搞快跑的秒拍视频 ​","Shen_na-known"
"471",":#权志龙# 千言万语化作一句我想你[心]今天画画听着你的歌听到last dance 的时候突然脑海中全是你在日本fm 里唱歌的画面，每次听这首歌画面感都非常强，唱last dance 的时候不同于其他的歌，那时你唱的很用力，就是莫名的很喜欢很喜欢[心] ​","G-yolkbreaD"
"472",":我:你有打火机吗?龙:没有...我:那你是怎么点燃我的心的![心]啊哈哈哈哈哈哈我的宝宝呀#权志龙#[心] ​","楊小洋yy-"
"473",":#权志龙#  我在@超级星饭团 给 @GDRAGON_OFFICIAL 道了一句晚安，悠悠的祝福，暖暖的问候，愿你拥有甜甜的美梦...... ​","818GD撒浪嘿呦"
"474",":#职业龙吹不收钱那种##权志龙就是仙子本人# ​","GstleRI"
"475","被不喜欢的人喜欢是什么感觉？""对你造成了困扰我很抱歉""。「情感」 ​","Houghty"
"476","我一定要单独发一下，笑得我肚子都疼了哈哈哈哈哈哈哈哈哈哈哈“易烊千玺你变了！”“放开我儿子！”“赖冠霖你才16岁你不许脱衣服！”[允悲][允悲][允悲][允悲][允悲][允悲][允悲][允悲][允悲][允悲]饭圈少女的秒拍视频 ​","谢同学啊李同学"
"477",":2015年的1月份才喜欢权志龙的[允悲]然后听了他很多的歌 最喜欢today 心想一定要听一次现场 当时觉得肯定没希望了 觉得他可能不开个唱了 谁曾想[允悲]2017年…他居然巡回个唱[泪]激动的 追了好几场 只要一听到today前奏 我就泪崩[泪][泪][泪]对today的一种执念[泪][跪了]真的让我听到了现场live 感动 像是梦想成真的那种心情[心]G-DRAGON (权志龙)《Today (Live)》 http://t.cn/RQ8uPV5 @QQ音乐","-KKKareniii"
"478",":#一骑绝尘权志龙##权志龙# 晚安～大宝贝[心] ​","啵啵Fallulah"
"480",":「分裂国家的人民，并不受国家分裂本身所害，而是因那些利用分裂的人承受了更大的痛苦」《钢铁雨》很好，好得连权志龙的歌做配乐都很契合主题。 ​","John4d3"
"481",":权志龙把纹身改就改了吧 他身上这么多纹身我也不是因为他当时是我偶像要纹的啊。只是觉得那句话挺棒的才要一人半段儿[允悲] 左胳膊上的是不知道纹啥又从他身上乱找的 猪八戒一直认为我是追星纹的。哎～～～～ ​","好不容易遇见爱"
"482",":#权志龙##权志龙，爱你的理由不止一个# 想这个孩子了[星光][星光][星光]@GDRAGON_OFFICIAL 人就是这样子的秒拍视频 ​","人就是这样子"
"483","追星女孩的日常，真是写实又心酸。因为喜欢你，所以没关系。 ​","邓飘飘nie"
"484",":#权志龙# #志龙晚安# 晚安签到咯 ​","权志龙微博净化小分队"
"485",":#权志龙#VIP直接把熊猫扔进志龙怀里，这精准度秒拍视频 ​​​​","GDRAGON_OFFICIALV_"
"486",":权志龙真的可爱 你说啥是啥吧（谁让你可爱呢！ 1812号微博用户的秒拍视频 ​","1812号微博用户"
"487",":#权志龙##权志龙综艺# 好想看我龙的综艺[淚]只能重温之前的，志龙真的特别可爱[愛你]最后那几秒的笑声[偷笑][偷笑][偷笑] TG_CHLOE0418的秒拍视频 ​","TG_CHLOE0418"
"488","金丝眼镜杀 [笑而不语][笑而不语][笑而不语] ​","_AWESOME_LIAR"
"489","追星女孩的日常：哈哈哈哈哈哈哈哈哈哈哈哈哈哈哈哈哈哈啊啊啊啊啊啊啊啊啊啊啊啊啊啊啊啊啊啊嗷嗷嗷嗷嗷嗷嗷嗷嗷嗷嗷嗷嗷嗷嗷嗷嗷嗷———————————————————图不是我做的，版权属于原作者：豆瓣id“甜菜多放盐”。 ​","咖啡猫加奶糖米奇"
"490","#权志龙# 15年的无挑歌谣祭欧巴简直男友力爆表~！除了在私下发短信默默关心光熙、为他量身打造歌曲，舞台也处处照顾他外，在这之前的选择环节也苏到让人尖叫！太阳站起来给亨敦捧场 没想到最后亨敦用了挨个推人的激烈淘汰方式[笑cry]这时就明显看出来GD欧巴因为意料之外的展开开始替队友紧张了 瞬间站起来想去把他拉回来 这种条件反射般的保护人的感觉man爆了肿么破~！！[抓狂]欧巴真的超善良der！还有最后挑人时，队友向他征询意见，欧巴超苏的说了一句：你自己做决定吧～温柔又照顾人 太苏了！！[泪][泪][泪]【Re-upload video 23】@GDRAGON_OFFICIAL #一骑绝尘权志龙# 【权志龙视频】【权志龙综艺】 http://t.cn/RQlD6w6","wuli权可爱d小乖乖"
"491",":G-DRAGON (权志龙)《This Love》 This Love @QQ音乐 沉迷……[惊恐][惊恐][惊恐] ​","我是你璇霸霸啊"
"492","#GD##权志龙#在本人的服饰和首饰上花雏菊的理由 cr.theqoo从几年前开始，G-Dragon就在自己穿的衣服和鞋子饰品上画雏菊雏菊的花语之一是""和平""G-dragon的另一个identity是""peaceminusone""图1中的雏菊少了一个花瓣和平减一(PEACEMINUSONE)[微风]对“和平减一”不了解的朋友戳 http://t.cn/RQQdWsy ​","志龙印在朵本子上"
"493","#权志龙##权志龙高清图片# 160426 Kappa 今晚想念小白毛了@GDRAGON_OFFICIAL [c]️logo ​","ALBEE-75"
"494",":我围观了@林瑠梨 的回答，该问题价值77.99元，围观仅1元，快来一起围观~ <br />微博问答:为何说权志龙已经在包养女友李珠妍？ ​","木子0925王令"
"495",":饼干哥哥第三辣( •̥́ ˍ •̀ू )什么时候金炳官先生也得第一嘛[爱你][爱你][爱你]真的是超级爱您辣 对于后面的online vote也有点担心，直播的话我家小哥哥一定会超棒的!!!我们家东勋 奶崔 世润哥 小王子 炳坤也要好好的最后一期是不是#权志龙# 权三岁要来啊，给您我全部的小心心#mixnine##金炳官##李东勋##崔贤硕#","Carinnoo"
"496","追星女孩的日常，真是写实又心酸。因为喜欢你，所以没关系。 ​","爱嗑焦糖瓜子的老王er"
"497",":#权志龙##30天推权志龙挑战# DAY-14，最喜欢的综艺Run！BIG BANG Scout[耶]@GDRAGON_OFFICIAL JxxxxxxxxJ的秒拍视频 ​","JxxxxxxxxJ"
"498",":#权志龙# 哇！wuli鸡涌真的是太太太有魅力了，重刷无挑歌谣祭完全陷入他的魅力中!!!!这个完美的男人啊!!![大叔]想听他写的所有歌，希望能全发出来🙈🙈🙈[哆啦A梦花心][哆啦A梦花心][哆啦A梦花心][爱你][爱你][爱你]（每次从3000多张图片里找图好纠结啊🙈🙈） ​","1988_sun"
"499",":#追星女孩的日常# 第一次看到权志龙的我就是这个样子的啊 ​","我是没有故事的杨同学啊"
"500",":晚安 款爷哦不 #权志龙# 是tm让我以为是以前11年的旧照的权萌萌太嫩了 嫩出水了[二哈] ​","琀沐"
"501",":#mixnine##权志龙# 坐等下期我本命龙哥的到来了奶崔[加油机]️YG的未来呀…[赞啊]话说A.C.E这次三人终于合体了看到奶崔被踢出真他妈的气死了[愤怒]真是讨嫌希望出道组是男生💕希望出道组是男生💕希望出道组是男生💕 东莞·鸿福路口 ​","春宇呀"
"502","你最想和谁一起窝在这里?!Who would you want to be here with?! Seoul风格志的秒拍视频 ​","Ahahanini"
"503",":权志龙今天也是有一点点想你 ​","专怼害人精滴姐妹"
"504",":几天不见，权志龙剪了短发 #哔哩哔哩# http://t.cn/RQ89jmX    顺利从款爷变成了权萌萌 好嫩 ​","琀沐"
"505",":#权志龙##Gdragon# 在弘大搭的舞台使弘大交通陷入瘫痪的男架@GDRAGON_OFFICIAL [c]️on pic ​","嗜龙症"
"506","追星女孩的日常，真是写实又心酸。因为喜欢你，所以没关系。 ​","Pseudo-ling"
"507",":#权志龙# 哈哈哈哈哈哈 这苹果滚的我啊…[污]龙哥和亨敦 都是推拉界的高手吧[doge] xxxigd-rico的秒拍视频 ​","权世界的Rico"
"508",":G-DRAGON (权志龙)/제니 (Jennie)《Black》 Black @QQ音乐 ​","cbtycbclwzdsm"
"509",":#BIGBANG##权志龙#《Tonight》龙宝个人机位拍摄现场版，超多萌萌哒小表情和那吸引人的声音，让人无法转移视线，帅[憧憬][憧憬][憧憬][心][心][心]@GDRAGON_OFFICIAL[爱你][爱你][爱你]天使般笑容的QZL的秒拍视频 ​","lvibab"
"510","#权志龙##Gdragon# 180121 【NAVER】GD相关新闻评论翻译新闻标题：“g-dragon与mixnine参加者们见面…应援决赛竞演”@GDRAGON_OFFICIAL #权志龙绝对吸引力# 新闻内容🔗http://t.cn/RQlESTn韩翻byAA转载请注明g-dragon吧 ​","WithJS_GD4ever"
"511",":#权志龙# 鸡涌超会模仿忙内，我龙怎么那么可爱啊[色]秒拍视频 ​","BIGBANG爆炸会"
"512","#权志龙##一骑绝尘权志龙##权志龙chanel全球形象大使#   06年的龙宝，从来对音乐的执着没变过[心] rosemary有严重拖延症的秒拍视频 ​","makelove_权志龙"
"513",":#权志龙# 很怀念这个时期的GD，笑容那么干净纯粹，不管多累也总是笑着，好像浑身有使不完的劲儿。秒拍视频 ​​​​","权志龙全球粉丝会"
"514",":#权志龙# 好想你啊 想听你唱歌[泪]每次看到这种合唱视频都好想哭[泪][泪][泪]   GrandDream0818的秒拍视频  （E） #x起义·2018# ​","韩都衣舍G-Dragon粉丝团"
"515","#GD##权志龙#在本人的服饰和首饰上花雏菊的理由 cr.theqoo从几年前开始，G-Dragon就在自己穿的衣服和鞋子饰品上画雏菊雏菊的花语之一是""和平""G-dragon的另一个identity是""peaceminusone""图1中的雏菊少了一个花瓣和平减一(PEACEMINUSONE)[微风]对“和平减一”不了解的朋友戳 http://t.cn/RQQdWsy ​","鸡涌的小心心"
"516",":#权志龙##日常表白志龙# 晚安[心]@GDRAGON_OFFICIAL ​","养猪达人KJY"
"517",":#权志龙##x起义·2018#  haru haru鸡涌哥哥的个人镜头[爱心]️[爱心]️[爱心]️好帅非常帅还是帅[跪了][舔屏]You Like？[愛你] cr.logo.( r) TG_CHLOE0418的秒拍视频 ​","韩都衣舍G-Dragon粉丝团"
"518",":#权志龙##x起义·2018#  2015MAMA后台花絮公开，带你认识台上台下不一样的艺人光环权志龙。[羞嗒嗒][羞嗒嗒] cr.logo.( r) PEACE权的秒拍视频 ​","韩都衣舍G-Dragon粉丝团"
"519",":#权志龙# OH MOM這視頻好過分[挖鼻][污][挖鼻][污][喵喵][喵喵][喵喵]#权志龙# _______________fxxk_it的秒拍视频 ​","_______________fxxk_it"
"520",":#权志龙##x起义·2018# 鸡涌超会模仿忙内，我龙怎么那么可爱啊[色]cr. logo.( r)秒拍视频 ​","韩都衣舍G-Dragon粉丝团"
"521","#权志龙##权志龙高清图片# 160426 Kappa 今晚想念小白毛了@GDRAGON_OFFICIAL [c]️logo ​","因为想你今夜无法入睡"
"522",":#权志龙##权志龙高清图片# 160426 Kappa 今晚想念小白毛了@GDRAGON_OFFICIAL [c]️logo ​","沙漏的微雪"
"523",":做梦是人的基本权利。 ​那 祝你们早日暴富。@GDRAGON_OFFICIAL #权志龙# ​","大爆炸少女阿"
"524",":我围观了@林瑠梨 的回答，该问题价值77.99元，围观仅1元，快来一起围观~ <br />微博问答:为何说权志龙已经在包养女友李珠妍？ ​","Lavender懒懒"
"525",":#权志龙##一骑绝尘权志龙# haru haru鸡涌哥哥的个人镜头[爱心]️[爱心]️[爱心]️好帅非常帅还是帅[跪了][舔屏]You Like？[愛你] TG_CHLOE0418的秒拍视频 ​","TG_CHLOE0418"
"526","别让距离成为你不敢放肆的理由，来微博韩流放肆看欧巴欧尼。为@一下科技 蓄力，点亮#放肆一下#年度盛典！转发本条微博@ 一位好友，抽2位宝宝送2017移动视频年度盛典门票1张，2月3日和爱豆一起欢度放肆之夜！ ​","热情已死a"
"527","#权志龙# 160101bigbang北京FM Goodboy GD高清饭拍 这一头顺毛真的好乖[太开心] cr.AG #G-Dragon# #权志龙视频# 秒拍视频 ​","G_soohyun"
"528","#GD##权志龙#在本人的服饰和首饰上花雏菊的理由 cr.theqoo从几年前开始，G-Dragon就在自己穿的衣服和鞋子饰品上画雏菊雏菊的花语之一是""和平""G-dragon的另一个identity是""peaceminusone""图1中的雏菊少了一个花瓣和平减一(PEACEMINUSONE)[微风]对“和平减一”不了解的朋友戳 http://t.cn/RQQdWsy ​","Mrs_J姗"
"529","哈哈哈哈哈哈哈哈 ​","新垣结祎-"
"530",":（代售。各类明星签名照片及专辑和演唱会门票）#权志龙# 《买专辑送签名照片 》权志龙 签名专辑和 权志龙签名照片母胎 SOL O 3辑US B签名 扇子 +礼物 SOLO2二 专辑ON E OFAKIND青铜版 C D#权志龙携同名专辑回归##权志龙0818生日快乐# GD #GD#             想要得速速联系我      与音像公司合作 权志龙周边","张伟伟伟z"
"531",":#权志龙# 哈哈哈哈哈哈 这苹果滚的我啊…[污]龙哥和亨敦 都是推拉界的高手吧[doge] xxxigd-rico的秒拍视频 ​","权世界的Rico"
"532",":G-DRAGON (权志龙)/제니 (Jennie)《Black》 Black @QQ音乐 ​","cbtycbclwzdsm"
"533",":#BIGBANG##权志龙#《Tonight》龙宝个人机位拍摄现场版，超多萌萌哒小表情和那吸引人的声音，让人无法转移视线，帅[憧憬][憧憬][憧憬][心][心][心]@GDRAGON_OFFICIAL[爱你][爱你][爱你]天使般笑容的QZL的秒拍视频 ​","lvibab"
"534","#权志龙##Gdragon# 180121 【NAVER】GD相关新闻评论翻译新闻标题：“g-dragon与mixnine参加者们见面…应援决赛竞演”@GDRAGON_OFFICIAL #权志龙绝对吸引力# 新闻内容🔗http://t.cn/RQlESTn韩翻byAA转载请注明g-dragon吧 ​","WithJS_GD4ever"
"535",":#权志龙# 鸡涌超会模仿忙内，我龙怎么那么可爱啊[色]秒拍视频 ​","BIGBANG爆炸会"
"536","#权志龙##一骑绝尘权志龙##权志龙chanel全球形象大使#   06年的龙宝，从来对音乐的执着没变过[心] rosemary有严重拖延症的秒拍视频 ​","makelove_权志龙"
"537",":#权志龙# 很怀念这个时期的GD，笑容那么干净纯粹，不管多累也总是笑着，好像浑身有使不完的劲儿。秒拍视频 ​​​​","权志龙全球粉丝会"
"538",":#权志龙# 好想你啊 想听你唱歌[泪]每次看到这种合唱视频都好想哭[泪][泪][泪]   GrandDream0818的秒拍视频  （E） #x起义·2018# ​","韩都衣舍G-Dragon粉丝团"
"539","#GD##权志龙#在本人的服饰和首饰上花雏菊的理由 cr.theqoo从几年前开始，G-Dragon就在自己穿的衣服和鞋子饰品上画雏菊雏菊的花语之一是""和平""G-dragon的另一个identity是""peaceminusone""图1中的雏菊少了一个花瓣和平减一(PEACEMINUSONE)[微风]对“和平减一”不了解的朋友戳 http://t.cn/RQQdWsy ​","鸡涌的小心心"
"540",":#权志龙##日常表白志龙# 晚安[心]@GDRAGON_OFFICIAL ​","养猪达人KJY"
"541",":#权志龙# 2015MAMA后台花絮公开，带你认识台上台下不一样的艺人光环权志龙。[羞嗒嗒][羞嗒嗒] PEACE权的秒拍视频 ​","PEACE权"
"542",":#权志龙#  果然是天生的艺人没错了，干嘛都可以扭的这么艺术，哈哈哈[笑cry][笑cry] PEACE权的秒拍视频 ​","PEACE权"
"543",":#权志龙# 写生簿bae bae,想念你们的每一个舞台 PEACE权的秒拍视频 ​","PEACE权"
"544",":#权志龙#  用心猜猜权志龙喜欢什么样子的剧情，总之，我是喜欢不起来的。。熬夜跟着剧情哭这点估计是随了我爱豆[摊手][摊手] PEACE权的秒拍视频 ​","PEACE权"
"545","#GD##权志龙#在本人的服饰和首饰上花雏菊的理由 cr.theqoo从几年前开始，G-Dragon就在自己穿的衣服和鞋子饰品上画雏菊雏菊的花语之一是""和平""G-dragon的另一个identity是""peaceminusone""图1中的雏菊少了一个花瓣和平减一(PEACEMINUSONE)[微风]对“和平减一”不了解的朋友戳 http://t.cn/RQQdWsy ​","权萌萌KJY"
"546",":#mixnine# 老杨的后期剪辑是找了个新人吗[费解][费解]这乱的呦[晕]本来就不高的收视率越来越低[允悲]即使这样也仍挡不住我想要pick少年们的冲动[偷笑][偷笑]果然，最后还是要我龙#权志龙# [心]来撑场面，让你最后直播爆表[酷][酷] ​","Mr-权爱人-"
"547",":#权志龙# 今天在别人那里收了一组表情包，图片全部源于水印，来啊各位一起斗图阿[污]@GDRAGON_OFFICIAL  侵歉删 ​","LIKEITGDK"
"548","G-DRAGON权志龙 X 小松菜奈 NYLONTV 花絮[微风][心][微风]木穆伽的秒拍视频 ​","老娘是陈学冬媳妇不服憋着"
"549","#GD##权志龙#在本人的服饰和首饰上花雏菊的理由 cr.theqoo从几年前开始，G-Dragon就在自己穿的衣服和鞋子饰品上画雏菊雏菊的花语之一是""和平""G-dragon的另一个identity是""peaceminusone""图1中的雏菊少了一个花瓣和平减一(PEACEMINUSONE)[微风]对“和平减一”不了解的朋友戳 http://t.cn/RQQdWsy ​","哦戏精女今天分手了吗"
"550","🌼粉丝福利Time🌼送新年礼物啦[礼物]很简单，卷发并留下自己的新年愿望[狗]大年三十晚上送[下]🏻八个人【GD年历普通版一份+书签一个】一个人【贴纸三张（每款各一张，白色）】一个人【新年手机壳一个（有的型号任选）】一个人[钱]8.18五个人【TOP年历一份（如果有的话）】以上邮费自理。记得许下新年愿望哦，说不定就实现了呢[憧憬]","匹诺曹的权志龙"
"551",":#权志龙# 我们款爷那么可爱啊，小狮子，谢谢这位家人的图，@最爱GD的音乐疯子  @GDRAGON_OFFICIAL ​","王諼影"
"552",":我龙哥萌萌哒！@GDRAGON_OFFICIAL  #权志龙，我爱你# [心][心] 赤峰·穆家营子镇 ​","寜颖杰"
"553",":#权志龙#180122  iammhs_ INS ​​​更新 权志龙相关 ​","BIGBANG陕西后援会"
"554",":近两年内我还能看到权志龙发微博吗[疑问] ​","eightkiller"
"555",":今日份的儿子😸权志龙我有好好照顾我们的儿子哦 ​","Olxien"
"556",":#权志龙# 欧巴邪魅一笑杀太大！[泪]当年的小蘑菇敲萌的呀~！！[太开心]汗水顺着下巴滴落的样子太性感了[色] 秒拍视频  （D） #x起义·2018# ​","韩都衣舍G-Dragon粉丝团"
"557",":#权志龙# 【180122 权志龙】 iammhs_  INS 更新相关 ​​​","__权志龙"
"558","#权志龙# 12年日本见面会 粉毛时期 GD出现画面精选cut Part1（游戏环节）全程萌cry[拜拜]随手摘个墨镜都能引起轰动[doge]调戏镜头 把粉丝撩的不要不要的[害羞]猜自己的歌还要坐在地上傻傻想半天[笑cry]【恩 一定是欧巴歌太多[doge]惩罚扮小羊 啊...这样的羊羊好想抱回家养[泪][泪][泪]欧巴多才多艺画画也好棒！作品是大声的鼻子“山”[哈哈]羽毛球比赛也赢啦[太开心]【Re-upload video 24】cr.logo @GDRAGON_OFFICIAL #全世界最可爱的权志龙# http://t.cn/RQQ0J7d","Moncy_G"
"559","#权志龙##权志龙苏神下凡# 180122 新鲜的志龙[憧憬][憧憬][憧憬]iammhs_ ins更新【#임신37주 정기검진에서 긴장형 고혈압 찍고#제왕절개 할 수 있단 말에 눈물이😿 또르르사우나 끝나고 남편친구 급벙에서 #지드래곤 만남#나으레이더망에제대로훅옆에 겉절이가 안된다는거 #임산부 라니까 지디가 사진 찍어주고 #순산하세요 끝인사도 해줌🙀주치의가 그렇게 저염식, 체중조절 강조했는데 지디보고 굳게 다짐 #의지충만】@GDRAGON_OFFICIAL #权志龙时尚风向标#截图cr.xSeoulDragonx","想飞的风筝--"
"560","#权志龙##权志龙chanel全球形象大使# Chanel“Mademoiselle Privé”展览 香港站地点： PMQ元创方香港中环鸭巴甸街 35号展览日期：2018年1月13日至2月10日G-DRAGON ——BOJOUXDE DIAMANTS COLLECTION（P1 P2）GD海报（P3）ps:前线说一开始是可以选择的后来海报就随机了🙊选GD海报的人太多了展览相关介绍🔗http://t.cn/RQQ0DUJ@GDRAGON_OFFICIAL","Moncy_G"
"561",":#权志龙# 原PO说在怀孕37周做了检查，后来在gubbeong遇到了g-dragon，与gd合影后gd对她说“祝您顺产 ​​​” ​","CAPTAIN_GDRGN-QSC"
"562",":#权志龙##一骑绝尘权志龙##权志龙壁纸# 当世界从华丽到荒芜                                     我依然还是你的粉丝                                            就算荧光棒成了拐杖                                      你也依旧是我的信仰@GDRAGON_OFFICIAL ​","秀儿love_g-dragon"
"563",":#权志龙# 小奶音让人实在受不了了秒拍视频 ​​​​","BIGBANG新动态"
"564","#权志龙##Gdragon# 130907 [心形礼物]写生簿of柳熙烈[花痴]想念我们的小王子呀💕[爱心发光][一箭穿心][飞吻] ​","8月18日_G"
"565",":我奏是那种嘴上说着喜欢白起壁纸却是权志龙和白敬亭的女人[摊手] ​","懵懵依子"
"566","171223 BIGBANG LAST DANCE IN SEOUL - 大阪演唱会 GD 高清2P～ Baby I’m Missing You [心] @GDRAGON_OFFICIAL #权志龙##GD# ​","CAPTAIN_GDRGN-QSC"
"567","#权志龙# 换了个bgm 调慢了一丢丢[污] 大晚上就是要谷欠 不知道是来往哪里的车 但是我希望今晚梦到你@GDRAGON_OFFICIAL ᴄʀ.ᴠɪᴛᴀᴅᴏʟᴄᴇ_ʀᴏsᴇ AllForGDForever的秒拍视频 ​","Y-渭七"
"568",":#权志龙# 12年日本见面会 粉毛时期 GD出现画面精选cut Part1（游戏环节）全程萌cry[拜拜]随手摘个墨镜都能引起轰动[doge]调戏镜头 把粉丝撩的不要不要的[害羞]猜自己的歌还要坐在地上傻傻想半天[笑cry]【恩 一定是欧巴歌太多[doge]惩罚扮小羊 啊...这样的羊羊好想抱回家养[泪][泪][泪]欧巴多才多艺画画也好棒！作品是大声的鼻子“山”[哈哈]羽毛球比赛也赢啦[太开心]  http://t.cn/RQQ0J7d  （D） #x起义·2018#","韩都衣舍G-Dragon粉丝团"
"569",":#权志龙##权志龙可爱# 2013～2015一个西瓜籽[西瓜]自己也能玩的开心[大笑]@GDRAGON_OFFICIAL ​","龙宝的迷妹"
"570","#GD##权志龙#在本人的服饰和首饰上花雏菊的理由 cr.theqoo从几年前开始，G-Dragon就在自己穿的衣服和鞋子饰品上画雏菊雏菊的花语之一是""和平""G-dragon的另一个identity是""peaceminusone""图1中的雏菊少了一个花瓣和平减一(PEACEMINUSONE)[微风]对“和平减一”不了解的朋友戳 http://t.cn/RQQdWsy ​","权馨权翼"
"571","#GD##权志龙#在本人的服饰和首饰上花雏菊的理由 cr.theqoo从几年前开始，G-Dragon就在自己穿的衣服和鞋子饰品上画雏菊雏菊的花语之一是""和平""G-dragon的另一个identity是""peaceminusone""图1中的雏菊少了一个花瓣和平减一(PEACEMINUSONE)[微风]对“和平减一”不了解的朋友戳 http://t.cn/RQQdWsy ​","G_soohyun"
"572",":#权志龙# 看第一个镜头就受不了了[害羞][亲亲]那么爱卖萌还害羞[色]看完心情好好微博视频 ​","bigbang地带"
"573",":#权志龙# 这气场真是无敌了，尤其是那段RAP，真是太震撼了[拍手]都说了GD的ROP是世界级的，音乐响起那一瞬间，我要疯了微博视频 ​","bigbang地带"
"574",":#权志龙#举手投足中优雅从容且不失俏皮可爱，我的舞台王者.没有理由不为他着迷[抓狂]微博视频 ​","bigbang地带"
"575",":#权志龙# 我龙哥也有介么深情款款滴一面额，感动，好听！[心][心][心][心]！ 他唱抒情歌 真的棒秒拍视频 ​","bigbang地带"
"576","@GDRAGON_OFFICIAL 只要笑就行了[可爱]️💕如果你幸福的话我们也会幸福[红桃]️#权志龙##KWONJIYONG##권지용##G-DRAGON##HoneyJiyong# ​","爱GD滴君小美"
"577",":其实每次看胜利和其他朋友一起很亲密的照相的时候我就想起我看的文里的一句话权志龙说“你知不知道 其实你身边的朋友都是想上你”[允悲] ​","MamoSuki"
"578",":#权志龙##一骑绝尘权志龙##权志龙chanel全球形象大使#   06年的龙宝，从来对音乐的执着没变过[心] rosemary有严重拖延症的秒拍视频 ​","rosemary有严重拖延症"
"579","#GD##权志龙#在本人的服饰和首饰上花雏菊的理由 cr.theqoo从几年前开始，G-Dragon就在自己穿的衣服和鞋子饰品上画雏菊雏菊的花语之一是""和平""G-dragon的另一个identity是""peaceminusone""图1中的雏菊少了一个花瓣和平减一(PEACEMINUSONE)[微风]对“和平减一”不了解的朋友戳 http://t.cn/RQQdWsy ​","因为想你今夜无法入睡"
"580","#权志龙# 12年日本见面会 粉毛时期 GD出现画面精选cut Part1（游戏环节）全程萌cry[拜拜]随手摘个墨镜都能引起轰动[doge]调戏镜头 把粉丝撩的不要不要的[害羞]猜自己的歌还要坐在地上傻傻想半天[笑cry]【恩 一定是欧巴歌太多[doge]惩罚扮小羊 啊...这样的羊羊好想抱回家养[泪][泪][泪]欧巴多才多艺画画也好棒！作品是大声的鼻子“山”[哈哈]羽毛球比赛也赢啦[太开心]【Re-upload video 24】cr.logo @GDRAGON_OFFICIAL #全世界最可爱的权志龙# http://t.cn/RQQ0J7d","因为想你今夜无法入睡"
"581",":#权志龙# 每次听到这首歌，心情都会闷闷的[委屈]可是权志龙唱的又是那么好听[爱你]秒拍视频 ​","bigbang地带"
"582",":mixnine YG选秀综艺Mixnine下周收官！杨老板请来收拾的保障#权志龙# 与#Mixnine# 参赛者见面，为决赛应援！[憧憬][憧憬][憧憬]～GD惊喜访问了20日进行的mixnine录制现场，为准备决赛舞台的参赛者们应援～超期待好久没有在电视上露面的三岁宝宝[心][心][心]～还记得之前辅导ikon的时候，细心耐心又贴心的样子[舔屏]！剪辑师，麻烦你把权大宝的部分都剪进去，一秒都不要浪费！谢谢！ （D） #x起义·2018#","韩都衣舍G-Dragon粉丝团"
"583",":#权志龙# 欧巴邪魅一笑杀太大！[泪]当年的小蘑菇敲萌的呀~！！[太开心]汗水顺着下巴滴落的样子太性感了[色]秒拍视频 ​","BIGBANG爆炸台"
"584","#权志龙# 吾日三省吾身：今天想权志龙了吗？今天爱权志龙了吗？今天夸权志龙了吗？@GDRAGON_OFFICIAL *表情包自改 ​","G_soohyun"
"585","#权志龙# 12年日本见面会 粉毛时期 GD出现画面精选cut Part1（游戏环节）全程萌cry[拜拜]随手摘个墨镜都能引起轰动[doge]调戏镜头 把粉丝撩的不要不要的[害羞]猜自己的歌还要坐在地上傻傻想半天[笑cry]【恩 一定是欧巴歌太多[doge]惩罚扮小羊 啊...这样的羊羊好想抱回家养[泪][泪][泪]欧巴多才多艺画画也好棒！作品是大声的鼻子“山”[哈哈]羽毛球比赛也赢啦[太开心]【Re-upload video 24】cr.logo @GDRAGON_OFFICIAL #全世界最可爱的权志龙# http://t.cn/RQQ0J7d","GD-sisi"
"586","#权志龙##权志龙苏神下凡# 180122 新鲜的志龙[憧憬][憧憬][憧憬]iammhs_ ins更新【#임신37주 정기검진에서 긴장형 고혈압 찍고#제왕절개 할 수 있단 말에 눈물이😿 또르르사우나 끝나고 남편친구 급벙에서 #지드래곤 만남#나으레이더망에제대로훅옆에 겉절이가 안된다는거 #임산부 라니까 지디가 사진 찍어주고 #순산하세요 끝인사도 해줌🙀주치의가 그렇게 저염식, 체중조절 강조했는데 지디보고 굳게 다짐 #의지충만】@GDRAGON_OFFICIAL #权志龙时尚风向标#截图cr.xSeoulDragonx","甜龙初恋_"
"587","171223 BIGBANG LAST DANCE IN SEOUL - 大阪演唱会 GD 高清2P～ Baby I’m Missing You [心] @GDRAGON_OFFICIAL #权志龙##GD# ​","Moncy_G"
"588",":#权志龙# 【180122 权志龙】 iammhs_  INS 更新相关 ​​​","__权志龙"
"589","#权志龙# 12年日本见面会 粉毛时期 GD出现画面精选cut Part1（游戏环节）全程萌cry[拜拜]随手摘个墨镜都能引起轰动[doge]调戏镜头 把粉丝撩的不要不要的[害羞]猜自己的歌还要坐在地上傻傻想半天[笑cry]【恩 一定是欧巴歌太多[doge]惩罚扮小羊 啊...这样的羊羊好想抱回家养[泪][泪][泪]欧巴多才多艺画画也好棒！作品是大声的鼻子“山”[哈哈]羽毛球比赛也赢啦[太开心]【Re-upload video 24】cr.logo @GDRAGON_OFFICIAL #全世界最可爱的权志龙# http://t.cn/RQQ0J7d","Moncy_G"
"590","#权志龙##权志龙苏神下凡# 180122 新鲜的志龙[憧憬][憧憬][憧憬]iammhs_ ins更新【#임신37주 정기검진에서 긴장형 고혈압 찍고#제왕절개 할 수 있단 말에 눈물이😿 또르르사우나 끝나고 남편친구 급벙에서 #지드래곤 만남#나으레이더망에제대로훅옆에 겉절이가 안된다는거 #임산부 라니까 지디가 사진 찍어주고 #순산하세요 끝인사도 해줌🙀주치의가 그렇게 저염식, 체중조절 강조했는데 지디보고 굳게 다짐 #의지충만】@GDRAGON_OFFICIAL #权志龙时尚风向标#截图cr.xSeoulDragonx","想飞的风筝--"
"591","#权志龙##权志龙chanel全球形象大使# Chanel“Mademoiselle Privé”展览 香港站地点： PMQ元创方香港中环鸭巴甸街 35号展览日期：2018年1月13日至2月10日G-DRAGON ——BOJOUXDE DIAMANTS COLLECTION（P1 P2）GD海报（P3）ps:前线说一开始是可以选择的后来海报就随机了🙊选GD海报的人太多了展览相关介绍🔗http://t.cn/RQQ0DUJ@GDRAGON_OFFICIAL","Moncy_G"
"592",":#权志龙# 原PO说在怀孕37周做了检查，后来在gubbeong遇到了g-dragon，与gd合影后gd对她说“祝您顺产 ​​​” ​","CAPTAIN_GDRGN-QSC"
"593",":#权志龙##一骑绝尘权志龙##权志龙壁纸# 当世界从华丽到荒芜                                     我依然还是你的粉丝                                            就算荧光棒成了拐杖                                      你也依旧是我的信仰@GDRAGON_OFFICIAL ​","秀儿love_g-dragon"
"594",":#权志龙# 小奶音让人实在受不了了秒拍视频 ​​​​","BIGBANG新动态"
"595","#权志龙##Gdragon# 130907 [心形礼物]写生簿of柳熙烈[花痴]想念我们的小王子呀💕[爱心发光][一箭穿心][飞吻] ​","8月18日_G"
"596",":我围观了@林瑠梨 的回答，该问题价值77.99元，围观仅1元，快来一起围观~ <br />微博问答:为何说权志龙已经在包养女友李珠妍？ ​","谢菁77520"
"597","#陈志朋#最新机场街拍来了！[doge]上半身还正常，下半身内搭热裤和过膝长袜，外穿前开叉“羽绒裙”，走起路来尽情秀美腿[doge]若隐若现的那种[doge] ​","I-just-want-to-fuck-everything"
"598","#权志龙##权志龙苏神下凡# 180122 新鲜的志龙[憧憬][憧憬][憧憬]iammhs_ ins更新【#임신37주 정기검진에서 긴장형 고혈압 찍고#제왕절개 할 수 있단 말에 눈물이😿 또르르사우나 끝나고 남편친구 급벙에서 #지드래곤 만남#나으레이더망에제대로훅옆에 겉절이가 안된다는거 #임산부 라니까 지디가 사진 찍어주고 #순산하세요 끝인사도 해줌🙀주치의가 그렇게 저염식, 체중조절 강조했는데 지디보고 굳게 다짐 #의지충만】@GDRAGON_OFFICIAL #权志龙时尚风向标#截图cr.xSeoulDragonx","权馨权翼"
"599",":出bigbang2014sg周边，现已绝版除了权志龙其他成员都出带价来，不高价！！@BIGBANG小仙女中转站  @bigbang周边基地  @bigbang周边中转站  @bigbang周边转让站 ​​​","NotMyEX"
"600",":#权志龙# 我怕是个伪粉吧[拜拜]这个视频我居然也不知道[泪]可爱翻了吧 yepi_yo的秒拍视频 ​","yepi_yo"
"601",":总是出现在别人INS里的wuli鸡涌#每天表白权志龙##向全世界安利权志龙##权志龙，爱你的理由不止一个# @GDRAGON_OFFICIAL ​","Merry_o"
"602",":总是出现在别人INS里的wuli鸡涌#每天表白权志龙##向全世界安利权志龙##权志龙，爱你的理由不止一个# @GDRAGON_OFFICIAL ​","Merry_o"
"603",":总是出现在别人INS里的wuli鸡涌#每天表白权志龙##向全世界安利权志龙##权志龙，爱你的理由不止一个# @GDRAGON_OFFICIAL ​","Merry_o"
"604",":（代售。各类明星签名照片及专辑和演唱会门票）#权志龙# 《买专辑送签名照片 》权志龙 签名专辑和 权志龙签名照片母胎 SOL O 3辑US B签名 扇子 +礼物 SOLO2二 专辑ON E OFAKIND青铜版 C D#权志龙携同名专辑回归##权志龙0818生日快乐# GD #GD#             想要得速速联系我      与音像公司合作 权志龙周边","张伟伟伟z"
"605",":今日份的龙哥[太开心]@GDRAGON_OFFICIAL  #权志龙# ​","陳懟懟啊"
"606",":#权志龙# 小孩GD采访。那个时候的声音，语气，用词，笑声，连表情都跟现在一样！！！那个时候好像已经成熟完毕。秒拍视频 ​​​​","权志龙全球粉丝会"
"607",":想刷龙哥ins[二哈][二哈][二哈]有没有大佬教教我怎么弄vpnQAQ！！#权志龙# ​","华灯隐"
"608",":#权志龙# 放寒假四天以来好像能看的想看的都看完了，，就决定重温我权巨星的各种综艺[太开心]先从了解冰箱构造开始[喵喵]结果看了个开头就笑到无法自拔[笑cry]从十块钱（韩币）的嘴到五十五百块[二哈]现在是不是又升值了[阴险][笑而不语][偷笑] ​","李Felicia"
"609",":我知道权志龙这两天不在法国也很想皮一下🤪 ​","是Elephant藩藩呐"
"610",":#权志龙#喜欢看你笑起来的样子[心] 你心里 ​","zhaoshu_yu"
"611",":@GDRAGON_OFFICIAL  我在#明星ALL榜#上为你加油啦，你是我今生唯一的执著哦。#权志龙# 棒棒哒！@超级应援 明星ALL榜 ​","Dragon宝88818"
"612",":#权志龙# 啊啊啊啊啊啊小哥哥你怎么这么好看[泪]@GDRAGON_OFFICIAL ​","VBLANK_"
"613",":随便一截都好看的龙宝#权志龙# [舔屏] ​","娜依王"
"614",":发布了头条文章：《权志龙唯一关注的中国人是她，背景不输韩雪，却是#柯震东#绯闻女》 权志龙唯一关注的中国人是她，背景不输韩雪，却是#柯震东#绯闻女 ​","莉竹琬顺翘"
"615",":【2018#亚洲男神#荣耀播报】截止发博，第五组由男神权志龙以1623票，占比(34.3%)领跑。资料显示，2013年，权志龙在MAMA颁奖晚会上，获得“年度最佳歌手”、“最佳男歌手”、“最佳舞蹈表演男歌手”、“最佳音乐录影带”奖项。2015年9月1日，随组合BIGBANG正式发行专辑《MADE SERIES》。2016年7月，随组合BIGBANG一起拍摄的电影《BIGBANG MADE》正式上映。亚洲男神第一轮截止时间2月3日21:00，快来给男神权志龙打call吧：http://t.cn/RXnQHuM","当代娱乐"
"616","[并不简单] ​","小_小小小小女人"
"617",":权志龙不愿接太多工作只为多陪女友李珠妍.什么他不愿接太多工作啊,在你的电视剧里他根本没有工作过,这么多年描写他每天跟不同女生恋爱,回应传媒,毒舌等等,还有时间工作么?? @林瑠梨 ​","智障林瑠梨爱羽生结弦"
"618","[并不简单] ​","勤奋的小俊瑶"
"619",":GD&T.O.P (权志龙&崔胜铉)/박봄 (朴春)《Oh Yeah》 Oh Yeah @QQ音乐 日常举我TG大旗 还是初中听的万年老歌好听[可爱] ​","itsyourvee"
"620",":#权志龙##权志龙的权世界# 志龙欧巴让你现在给他打电话哦[憧憬]内心无比激动呢，快！欧巴在等你呢[笑而不语]@GDRAGON_OFFICIAL  （cr.logo） 权志龍-FOREVER的秒拍视频 ​","权志龍-FOREVER"
"621",":我正在看#BIGBANG演唱会《Last dance》权志龙高清饭拍# BIGBANG演唱会《Last dance》权志龙高清饭拍 @腾讯视频 BIGBANG演唱会《Last dance》权志龙高清饭拍 ​","广东省茂名5713542935"
"622",":证明颜值那就梳"" 鲻鱼头""试试？吴亦凡、权志龙、易烊千玺都留过的"" 鲻鱼头""，真是各有各的帅气，不过这个发型绝对不会火，因为只有长得好看的人才可以梳…[doge] ​","闻娱教主"
"623","局部还勉强，扎心了[二哈]要头像等我画完发[跪了] ​","Stargirll"
"624",":#权志龙# #一骑绝尘权志龙# 哎一古 我们家鸡涌怎么什么样儿都好看啊🤷🏻‍♂️ ​","纯牛奶兮"
"625",":#权志龙#170618 GD世巡澳门站day2 鞠躬的时候帽子不小心掉了 赶紧走两步去捡起来不知道为什么 就....觉得好萌啊 秒拍视频 ​","高级分析师赵玉龙"
"626","#bigbang# 鸡涌&胜利连线粉丝电话恋爱G_Dragon迷妹考拉的秒拍视频 ​","Y-渭七"
"627",":#BIGBANG##权志龙# 日常想念我们小可爱龙宝，每天都要开心快乐，健健康康[心][心][心][亲亲][亲亲][亲亲]@GDRAGON_OFFICIAL  [爱你][爱你][爱你] ​","天使般笑容的QZL"
"628","庆幸当初追了无挑，庆幸当时看了这期，一个镜头就沦陷[亲亲]#权志龙苏神下凡# ​","韶华有你幸之"
"629","巫哲@那个狗蛋儿 全新力作#炮楼#全国热卖，一本完结，不用苦苦蹲坑！今天，你入手了吗？当当网送大海报http://t.cn/Rl3o20M京东送q版贴纸http://t.cn/RQToJYz淘宝民营送角色对白卡随机签名【赠对白卡】畅销小说炮楼 巫哲继撒野后又一力作江湖大佬齐越×叛逆大学生少年绘连 转发@ 2好友，抽送【可指定特签】一本，由作者大大亲手寄出！ ​","就是喜欢吃茶蛋"
"630",":iammhs_ INS更新#权志龙# 相关 人休假你休假，怎么感觉又瘦了我的宝[允悲] ​","崔三岁with权萌萌"
"631",":#权志龙##x起义·2018#化身孩子控的龙哥，哈哈哈~眼神都好温柔！[太开心](cr.Mobbuyt Mobb) （L）韩游网的秒拍视频 ​","韩都衣舍G-Dragon粉丝团"
"632",":#权志龙# 12年日本见面会 粉毛时期 GD出现画面精选cut Part1（游戏环节）全程萌cry[拜拜]随手摘个墨镜都能引起轰动[doge]调戏镜头 把粉丝撩的不要不要的[害羞]猜自己的歌还要坐在地上傻傻想半天[笑cry]【恩 一定是欧巴歌太多[doge]惩罚扮小羊 啊...这样的羊羊好想抱回家养[泪][泪][泪]欧巴多才多艺画画也好棒！作品是大声的鼻子“山”[哈哈]羽毛球比赛也赢啦[太开心]【Re-upload video 24】cr.logo @GDRAGON_OFFICIAL #全世界最可爱的权志龙# http://t.cn/RQQ0J7d","ILOVEUGD的龙窝"
"633","#权志龙##权志龙苏神下凡# 180122 新鲜的志龙[憧憬][憧憬][憧憬]iammhs_ ins更新【#임신37주 정기검진에서 긴장형 고혈압 찍고#제왕절개 할 수 있단 말에 눈물이😿 또르르사우나 끝나고 남편친구 급벙에서 #지드래곤 만남#나으레이더망에제대로훅옆에 겉절이가 안된다는거 #임산부 라니까 지디가 사진 찍어주고 #순산하세요 끝인사도 해줌🙀주치의가 그렇게 저염식, 체중조절 강조했는데 지디보고 굳게 다짐 #의지충만】@GDRAGON_OFFICIAL #权志龙时尚风向标#截图cr.xSeoulDragonx","权馨权翼"
"634",":#权志龙##权志龙chanel全球形象大使# Chanel“Mademoiselle Privé”展览 香港站地点： PMQ元创方香港中环鸭巴甸街 35号展览日期：2018年1月13日至2月10日G-DRAGON ——BOJOUXDE DIAMANTS COLLECTION（P1 P2）GD海报（P3）ps:前线说一开始是可以选择的后来海报就随机了🙊选GD海报的人太多了展览相关介绍🔗http://t.cn/RQQ0DUJ@GDRAGON_OFFICIAL","g-dragon吧"
"635",":出bigbang2014sg周边，现已绝版除了权志龙其他成员都出带价来，不高价！！@BIGBANG小仙女中转站  @bigbang周边基地  @bigbang周边中转站  @bigbang周边转让站 ​​​","NotMyEX"
"636",":#权志龙# 我怕是个伪粉吧[拜拜]这个视频我居然也不知道[泪]可爱翻了吧 yepi_yo的秒拍视频 ​","yepi_yo"
"637",":总是出现在别人INS里的wuli鸡涌#每天表白权志龙##向全世界安利权志龙##权志龙，爱你的理由不止一个# @GDRAGON_OFFICIAL ​","Merry_o"
"638",":总是出现在别人INS里的wuli鸡涌#每天表白权志龙##向全世界安利权志龙##权志龙，爱你的理由不止一个# @GDRAGON_OFFICIAL ​","Merry_o"
"639",":总是出现在别人INS里的wuli鸡涌#每天表白权志龙##向全世界安利权志龙##权志龙，爱你的理由不止一个# @GDRAGON_OFFICIAL ​","Merry_o"
"640",":（代售。各类明星签名照片及专辑和演唱会门票）#权志龙# 《买专辑送签名照片 》权志龙 签名专辑和 权志龙签名照片母胎 SOL O 3辑US B签名 扇子 +礼物 SOLO2二 专辑ON E OFAKIND青铜版 C D#权志龙携同名专辑回归##权志龙0818生日快乐# GD #GD#             想要得速速联系我      与音像公司合作 权志龙周边","张伟伟伟z"
"641",":今日份的龙哥[太开心]@GDRAGON_OFFICIAL  #权志龙# ​","陳懟懟啊"
"642",":#权志龙# 小孩GD采访。那个时候的声音，语气，用词，笑声，连表情都跟现在一样！！！那个时候好像已经成熟完毕。秒拍视频 ​​​​","权志龙全球粉丝会"
"643",":想刷龙哥ins[二哈][二哈][二哈]有没有大佬教教我怎么弄vpnQAQ！！#权志龙# ​","华灯隐"
"644","#权志龙##权志龙苏神下凡# 180122 新鲜的志龙[憧憬][憧憬][憧憬]iammhs_ ins更新【#임신37주 정기검진에서 긴장형 고혈압 찍고#제왕절개 할 수 있단 말에 눈물이😿 또르르사우나 끝나고 남편친구 급벙에서 #지드래곤 만남#나으레이더망에제대로훅옆에 겉절이가 안된다는거 #임산부 라니까 지디가 사진 찍어주고 #순산하세요 끝인사도 해줌🙀주치의가 그렇게 저염식, 체중조절 강조했는데 지디보고 굳게 다짐 #의지충만】@GDRAGON_OFFICIAL #权志龙时尚风向标#截图cr.xSeoulDragonx","Jiyong哥哥的英杰啊"
"645",":#权志龙# 放寒假四天以来好像能看的想看的都看完了，，就决定重温我权巨星的各种综艺[太开心]先从了解冰箱构造开始[喵喵]结果看了个开头就笑到无法自拔[笑cry]从十块钱（韩币）的嘴到五十五百块[二哈]现在是不是又升值了[阴险][笑而不语][偷笑] ​","李Felicia"
"646",":我知道权志龙这两天不在法国也很想皮一下🤪 ​","是Elephant藩藩呐"
"647",":#权志龙#喜欢看你笑起来的样子[心] 你心里 ​","zhaoshu_yu"
"648",":@GDRAGON_OFFICIAL  我在#明星ALL榜#上为你加油啦，你是我今生唯一的执著哦。#权志龙# 棒棒哒！@超级应援 明星ALL榜 ​","Dragon宝88818"
"649",":#权志龙# 啊啊啊啊啊啊小哥哥你怎么这么好看[泪]@GDRAGON_OFFICIAL ​","VBLANK_"
"650",":随便一截都好看的龙宝#权志龙# [舔屏] ​","娜依王"
"651",":#权志龙# 原PO说在怀孕37周做了检查，后来在gubbeong遇到了g-dragon，与gd合影后gd对她说“祝您顺产 ​","BIGBANG爆炸会"
"652",":奶音，鼻音，假音。G-DRAGON (权志龙)/김종완 (金钟万)《Today》Today @QQ音乐 Today ​","NO清雾敛"
"653",":[心][心][心][心][心]好久不见，我的小宝贝真是越来越好看了.....#一骑绝尘权志龙##权志龙##权志龙.我爱你# ​","soeyun"
"654",":我对权志龙的爱体现在qq密保 对豆芽的爱体现在qq密码 对柯震东爱体现在微博密码 对玄彬的爱体现在银行卡密码 对朴有天的爱体现在id密码 对王昊曾经的爱体现在支付宝密码 太可怕了.. ​","董心媛"
"655","星光闪耀抢红包，今年玩法不一young！2018#让红包飞#正式开启[憧憬] 四大红包趴欢乐来袭~每日10:00爱豆红包准时开撩！超酷明星红包战队，带你瓜分大红包！明星大使狂撒财神卡，集齐字面兑换现金！更多欢趣玩法见下图~活动直达→2018#让红包飞# 转发并评论喊出你最想抢__的红包，抽奖送iPhoneX[心] ​","执念金有谦"
"656","[污] ​","等小IYE的铲屎官"
"657",":我已剪短我的发准备来撩你[馋嘴][馋嘴][馋嘴]#权志龙# 小哥哥准备好了吗[憧憬][憧憬][憧憬] ​","猫宁8morning"
"658",":#权志龙# 前十秒实在太撩了！无法抵抗，这小腰和顶胯杀伤力破表，毫无承受能力一言不合就顶胯，这个，我喜欢哟秒拍视频 ​​​​","GDRAGON_OFFICIALV_"
"659",":#权志龙# 180121 iammhs_ INS更新@GDRAGON_OFFICIAL #G-Dragon# ​","ILOVEUGD的龙窝"
"660",":我正在看#BIGBANG演唱会《Last dance》权志龙高清饭拍# BIGBANG演唱会《Last dance》权志龙高清饭拍 @腾讯视频 BIGBANG演唱会《Last dance》权志龙高清饭拍 ​","广东省茂名5713542935"
"661",":证明颜值那就梳"" 鲻鱼头""试试？吴亦凡、权志龙、易烊千玺都留过的"" 鲻鱼头""，真是各有各的帅气，不过这个发型绝对不会火，因为只有长得好看的人才可以梳…[doge] ​","闻娱教主"
"662","[并不简单] ​","郭MAOMAO_1991"
"663","局部还勉强，扎心了[二哈]要头像等我画完发[跪了] ​","Stargirll"
"664",":#权志龙# #一骑绝尘权志龙# 哎一古 我们家鸡涌怎么什么样儿都好看啊🤷🏻‍♂️ ​","纯牛奶兮"
"665",":#权志龙#170618 GD世巡澳门站day2 鞠躬的时候帽子不小心掉了 赶紧走两步去捡起来不知道为什么 就....觉得好萌啊 秒拍视频 ​","高级分析师赵玉龙"
"666","#bigbang# 鸡涌&胜利连线粉丝电话恋爱G_Dragon迷妹考拉的秒拍视频 ​","Y-渭七"
"667",":#BIGBANG##权志龙# 日常想念我们小可爱龙宝，每天都要开心快乐，健健康康[心][心][心][亲亲][亲亲][亲亲]@GDRAGON_OFFICIAL  [爱你][爱你][爱你] ​","天使般笑容的QZL"
"668","庆幸当初追了无挑，庆幸当时看了这期，一个镜头就沦陷[亲亲]#权志龙苏神下凡# ​","韶华有你幸之"
"669","巫哲@那个狗蛋儿 全新力作#炮楼#全国热卖，一本完结，不用苦苦蹲坑！今天，你入手了吗？当当网送大海报http://t.cn/Rl3o20M京东送q版贴纸http://t.cn/RQToJYz淘宝民营送角色对白卡随机签名【赠对白卡】畅销小说炮楼 巫哲继撒野后又一力作江湖大佬齐越×叛逆大学生少年绘连 转发@ 2好友，抽送【可指定特签】一本，由作者大大亲手寄出！ ​","就是喜欢吃茶蛋"
"670",":#权志龙##一骑绝尘权志龙# 权老师怎么可以这么好看[淚][淚][淚]我好拥有啊啊啊啊啊啊啊啊[害羞][害羞][害羞]missing you baby[爱心]️[爱心]️[爱心]️ ​","TG_CHLOE0418"
"671",":2009年的第一次solo G-DRAGON (权志龙)《Heartbreaker》 http://t.cn/RQHxGRk @QQ音乐 ​","cy火山火山"
"672",":#权志龙#      以后我们可能会频繁看见出现在别人朋友圈的鸡涌小宝贝[好喜欢]@GDRAGON_OFFICIAL ​","龍哥滴迷妹"
"673",":#一骑绝尘权志龙##权志龙# 想当年一直都知道GD这个名字，但以为BB都是很高冷，很拽的人[doge]后来饭上才发现妈耶，整个团日常逗比[二哈]龙宝的反差萌简直把坑又挖深了好几层，让我掉进去就不出来了[允悲]对人永远都是谦虚温柔的样子，有时软软地就像只小奶猫[兔子]哎呀～好想揉揉你脑袋 ​","啵啵Fallulah"
"674","【#权志龙#  X  iammhs_  INS更新】@GDRAGON_OFFICIAL ​​​","Moncy_G"
"675",":#权志龙##一骑绝尘权志龙# Kwonjiyong [爱心]️。星星发亮是为了每个人都能找到自己的星星。❣️[紫心]@GDRAGON_OFFICIAL 今天也想你。 StarGLun的秒拍视频 ​","StarGLun"
"676","🦁[花束]💕@GDRAGON_OFFICIAL #权志龙# [红心]#GDRAGON# [红心]#PEACEMINUSONE# [红心]#AlwaysGD# ​","Moncy_G"
"677","【#权志龙#  X  iammhs_  INS更新】@GDRAGON_OFFICIAL ​​​","PMOnly818"
"678",":我他妈快无语死了百度一贴说现在韩国最火的男星 什么权志龙也只能排第二 输给了20岁的他[费解]排名如下一个防弹粉说现在防弹最火我？？？？？？？[微笑]笑话还有一个说韩国没有团体会一直火 我反驳他 他还说我搞笑？？？？？？？？？？？？？[费解][费解][费解][费解][费解]真的快恶死了恕我直言那防弹是个啥玩意？？？当初怎么说的来着 哦对 脸皮不厚如何防弹哈哈哈哈哈哈哈哈喜欢我棒又喜欢防弹的 对不起我们不是亲故我们不熟谢谢[拜拜][拜拜][拜拜]不接受反驳over[摊手]","ChanChoixxx"
"679",":@GDRAGON_OFFICIAL  我在#明星ALL榜#上为你加油啦，你是我今生唯一的执著哦。#权志龙# 棒棒哒！@超级应援 明星ALL榜 ​","Dragon宝88818"
"680",":miss you[飞吻]@GDRAGON_OFFICIAL #一骑绝尘权志龙##权志龙# Dragon_权因有你的秒拍视频 ​","Dragon_权因有你"
"681",":#胡一天##权志龙#权志龙又帅我一脸，舞台上的王者，就是这么霸气的。帅我一脸 世纪华联(海事学校) ​","学谦6699"
"682",":活跃在别人ins里的小狮子[吃瓜]#权志龙##一骑绝尘权志龙# ​","爱涂指甲油的小狮子"
"683",":#权志龙##旅行青蛙##恋与制作人# 首页把四个老男人养成了青蛙，我不行，我的梦想只有一个：把权志龙养成我老公[并不简单]@GDRAGON_OFFICIAL ​","蜜糖GToPnly-"
"684",":#权志龙# 化身孩子控的龙哥，哈哈哈~眼神都好温柔！[太开心](cr.Mobbuyt Mobb) 韩游网的秒拍视频 ​","韩游网"
"685",":可爱又帅气的权志龙一定是战无不胜的@GDRAGON_OFFICIAL ​","PcPc__梨泰院的小绅士"
"686",":@GDRAGON_OFFICIAL  我在#明星ALL榜#上为你加油啦，你是我今生唯一的执著哦。#权志龙# 棒棒哒！@超级应援 明星ALL榜 ​","Dragon宝88818"
"687",":#权志龙# 嘻嘻 🐲宝宝来我家[青蛙]的[家]了～[污][并不简单][憧憬][吃瓜][ok][哈哈]@GDRAGON_OFFICIAL ​","AllForGDForever"
"688",":[太阳][太阳][太阳] #每天表白权志龙##向全世界安利权志龙##权志龙，爱你的理由不止一个# @GDRAGON_OFFICIAL ​","Merry_o"
"689",":[太阳][太阳][太阳] #每天表白权志龙##向全世界安利权志龙##权志龙，爱你的理由不止一个# @GDRAGON_OFFICIAL ​","Merry_o"
"690",":[太阳][太阳][太阳] #每天表白权志龙##向全世界安利权志龙##权志龙，爱你的理由不止一个# @GDRAGON_OFFICIAL ​","Merry_o"
"691","都说年少时不要遇见太惊艳的人。其实我觉得正好相反。年少时候遇到惊艳的那个人，未必就是属于你最好的那个。但是在遇到你的“最好”之前，往后漫长的一段时间，他就是你生命中的光。就好像你看见山河大海，看到绝美的落日余晖。看到电闪雷鸣，看到五彩斑斓的刹那美景。这些景色不属于你，那个人也从不属于你。但在未来很长一段时间，在每一个你即将崩溃的节点，这些光芒四射的存在都曾默默地拯救过你。追星也大概是这么个意思。因为知道这个世界上还有这些美好的存在，所以我要让自己变得更美好。即便你最后遇到最好的那个人他平淡无奇，但正是那些让你惊艳而又美好的存在，支撑你走到和他见面的这一天。我希望你是见过大海，然后爱上属于自己的溪流。而不是当某天你爱上溪流的时候，你以为你爱上它，是因为自己没见过大海。","G--thangs"
"692","一位外国小哥看到了中国的神奇化妆术后，非常不淡定了，结果。。。[吃惊]最神奇的秒拍视频 ​","你和我昵称一样你了不起啊"
"693",":#权志龙#权志龙又帅我一脸，舞台上的王者，就是这么霸气的[好爱哦][舔屏]秒拍视频 ​ ​​​","韩娱排行榜"
"694","#权志龙# 180122 【INS更新】cr iammhs_[求关注][求关注][求关注]@GDRAGON_OFFICIAL ​","treacleG_"
"695","#权志龙##权志龙苏神下凡# 180122 新鲜的志龙[憧憬][憧憬][憧憬]iammhs_ ins更新【#임신37주 정기검진에서 긴장형 고혈압 찍고#제왕절개 할 수 있단 말에 눈물이😿 또르르사우나 끝나고 남편친구 급벙에서 #지드래곤 만남#나으레이더망에제대로훅옆에 겉절이가 안된다는거 #임산부 라니까 지디가 사진 찍어주고 #순산하세요 끝인사도 해줌🙀주치의가 그렇게 저염식, 체중조절 강조했는데 지디보고 굳게 다짐 #의지충만】@GDRAGON_OFFICIAL #权志龙时尚风向标#截图cr.xSeoulDragonx","我是权少年啊"
"696",":我在@超级星饭团 给#权志龙#加热了1次，支持你@GDRAGON_OFFICIAL [心][心][心] ​","818GD撒浪嘿呦"
"697",":#权志龙# 原PO说在怀孕37周做了检查，后来在gubbeong遇到了g-dragon，与gd合影后gd对她说“祝您顺产 ​","BIGBANG爆炸会"
"698",":奶音，鼻音，假音。G-DRAGON (权志龙)/김종완 (金钟万)《Today》Today @QQ音乐 Today ​","NO清雾敛"
"699",":[心][心][心][心][心]好久不见，我的小宝贝真是越来越好看了.....#一骑绝尘权志龙##权志龙##权志龙.我爱你# ​","soeyun"
"700",":我对权志龙的爱体现在qq密保 对豆芽的爱体现在qq密码 对柯震东爱体现在微博密码 对玄彬的爱体现在银行卡密码 对朴有天的爱体现在id密码 对王昊曾经的爱体现在支付宝密码 太可怕了.. ​","董心媛"
"701","星光闪耀抢红包，今年玩法不一young！2018#让红包飞#正式开启[憧憬] 四大红包趴欢乐来袭~每日10:00爱豆红包准时开撩！超酷明星红包战队，带你瓜分大红包！明星大使狂撒财神卡，集齐字面兑换现金！更多欢趣玩法见下图~活动直达→2018#让红包飞# 转发并评论喊出你最想抢__的红包，抽奖送iPhoneX[心] ​","执念金有谦"
"702","[污] ​","等小IYE的铲屎官"
"703",":我已剪短我的发准备来撩你[馋嘴][馋嘴][馋嘴]#权志龙# 小哥哥准备好了吗[憧憬][憧憬][憧憬] ​","猫宁8morning"
"704",":#权志龙# 前十秒实在太撩了！无法抵抗，这小腰和顶胯杀伤力破表，毫无承受能力一言不合就顶胯，这个，我喜欢哟秒拍视频 ​​​​","GDRAGON_OFFICIALV_"
"705",":#权志龙# 180121 iammhs_ INS更新@GDRAGON_OFFICIAL #G-Dragon# ​","ILOVEUGD的龙窝"
"706","#权志龙##权志龙苏神下凡# 180122 新鲜的志龙[憧憬][憧憬][憧憬]iammhs_ ins更新【#임신37주 정기검진에서 긴장형 고혈압 찍고#제왕절개 할 수 있단 말에 눈물이😿 또르르사우나 끝나고 남편친구 급벙에서 #지드래곤 만남#나으레이더망에제대로훅옆에 겉절이가 안된다는거 #임산부 라니까 지디가 사진 찍어주고 #순산하세요 끝인사도 해줌🙀주치의가 그렇게 저염식, 체중조절 강조했는데 지디보고 굳게 다짐 #의지충만】@GDRAGON_OFFICIAL #权志龙时尚风向标#截图cr.xSeoulDragonx","VIP-honey-HH"
"707",":我围观了@林瑠梨 的回答，该问题价值77.99元，围观仅1元，快来一起围观~ <br />微博问答:为何说权志龙已经在包养女友李珠妍？ ​","沐轩emily"
"708",":哥哥大长腿，哥哥美颜暴击[飞吻][飞吻]#权志龙，我爱你# ​","Dramaee"
"709",":#BIGBANG##权志龙#   iammhs_ INS ​​​更新相关[心][心][心]@GDRAGON_OFFICIAL  [爱你][爱你][爱你] ​","天使般笑容的QZL"
"710","Ins：iammhs_ 更新 #G-DRAGON##权志龙# 相关 ​","SECHSKIES家的女人"
"711",":权志龙，最近我的状态是：电视里看到词曲人会想比我的志龙差一点😎路上看到小鲜肉会想我的志龙更耐看😋吃到好吃的会很想学，想着能做给你吃你会喜欢😅知道我是异想天开啦〜但不是还有个词叫万一嘛〜万一呢？得做好准备呀🙈志龙啊，我想你TAT ​​​","focusgdragon"
"712",":Ins：iammhs_ 更新 #G-DRAGON##权志龙# 相关 ​","歪鸡FAMILY资讯台"
"713",":#Almond&Chocolate# 18/01/22 他人ins更新#权志龙#相关[这头发这脸这腿[跪了][跪了][跪了]] ​","Almond_and_Chocolate"
"714",":那XX中文字幕--G-Dragon(BigBang)BIGBANG队长G-Dragon权志龙在1日发表solo二辑先公开曲《那XX》的音源及MV！即将出道的YG新女团成员参与出演 蚌埠·蚌埠万达嘉华酒店(东海道店) ​","蓝_女唱"
"715",":突然想起来昨晚梦到和权志龙一起逛街 ​","-阿猫u"
"716",":180122#权志龙##G-DRAGON# X iammhs ins更新@GDRAGON_OFFICIAL ​","权志龍-FOREVER"
"717",":#权志龙##一骑绝尘权志龙# 权老师怎么可以这么好看[淚][淚][淚]我好拥有啊啊啊啊啊啊啊啊[害羞][害羞][害羞]missing you baby[爱心]️[爱心]️[爱心]️ ​","TG_CHLOE0418"
"718",":2009年的第一次solo G-DRAGON (权志龙)《Heartbreaker》 Heartbreaker @QQ音乐 ​","cy火山火山"
"719",":#权志龙# 【180122 权志龙】 iammhs_  INS 更新相关 ​","BIGBANG_Korea"
"720",":#权志龙#      以后我们可能会频繁看见出现在别人朋友圈的鸡涌小宝贝[好喜欢]@GDRAGON_OFFICIAL ​","龍哥滴迷妹"
"721",":#一骑绝尘权志龙##权志龙# 想当年一直都知道GD这个名字，但以为BB都是很高冷，很拽的人[doge]后来饭上才发现妈耶，整个团日常逗比[二哈]龙宝的反差萌简直把坑又挖深了好几层，让我掉进去就不出来了[允悲]对人永远都是谦虚温柔的样子，有时软软地就像只小奶猫[兔子]哎呀～好想揉揉你脑袋 ​","啵啵Fallulah"
"722","【#权志龙#  X  iammhs_  INS更新】@GDRAGON_OFFICIAL ​​​","Moncy_G"
"723",":#权志龙##一骑绝尘权志龙# Kwonjiyong [爱心]️。星星发亮是为了每个人都能找到自己的星星。❣️[紫心]@GDRAGON_OFFICIAL 今天也想你。 StarGLun的秒拍视频 ​","StarGLun"
"724","🦁[花束]💕@GDRAGON_OFFICIAL #权志龙# [红心]#GDRAGON# [红心]#PEACEMINUSONE# [红心]#AlwaysGD# ​","Moncy_G"
"725","【#权志龙#  X  iammhs_  INS更新】@GDRAGON_OFFICIAL ​​​","PMOnly818"
"726",":我他妈快无语死了百度一贴说现在韩国最火的男星 什么权志龙也只能排第二 输给了20岁的他[费解]排名如下一个防弹粉说现在防弹最火我？？？？？？？[微笑]笑话还有一个说韩国没有团体会一直火 我反驳他 他还说我搞笑？？？？？？？？？？？？？[费解][费解][费解][费解][费解]真的快恶死了恕我直言那防弹是个啥玩意？？？当初怎么说的来着 哦对 脸皮不厚如何防弹哈哈哈哈哈哈哈哈喜欢我棒又喜欢防弹的 对不起我们不是亲故我们不熟谢谢[拜拜][拜拜][拜拜]不接受反驳over[摊手]","ChanChoixxx"
"727",":// #QQ看点#【权志龙登上韩国英语教科书!】近日，爆出权志龙的事迹被写在了韩国英语课文上。课文翻译G-D......http://t.cn/RQTSouc 漳州·绥安镇 ​","格非Chen"
"728",":#权志龙##一骑绝尘权志龙# 好想你好想你[心] ​","权式龍吹KJY"
"729",":#权志龙# 抑制不住的思念，好想念我们小哥哥，完全变失踪人口了啊，只能从别人的ins那里得知消息[委屈] ​","Lamour权"
"730",":#权志龙##x起义·2018#玩游戏累得快虚脱 躺在地上用力喘气的样子也好迷人[可怜]话筒随着呼吸在小蛮腰上一上一下[羞嗒嗒]@GDRAGON_OFFICIAL LoyaltoG的秒拍视频  （L）cr.vitadolce_rose ​","韩都衣舍G-Dragon粉丝团"
"731","#权志龙##Gdragon# 180121 【NAVER】GD相关新闻评论翻译新闻标题：“g-dragon与mixnine参加者们见面…应援决赛竞演”@GDRAGON_OFFICIAL #权志龙绝对吸引力# 新闻内容🔗http://t.cn/RQlESTn韩翻byAA转载请注明g-dragon吧 ​","权馨权翼"
"732","谢谢枕头们的投票，没进前三也会直播的！ 这几天录节目加上排练年会节目[悲伤][悲伤][悲伤] 为感谢粉丝们的支持（这么久没直播还没脱粉[悲伤]）转发此微博@ 两个以上好友并评论。抽取66个288皮肤 #as仙阁辰鬼# @微博抽奖平台  爱你们噢[鼓掌] ​","真的吃不下了哇"
"733",":我参与了@当代娱乐 发起的投票 【2018#亚洲男神#，由你决定荣耀亚洲的耀眼男神！】，我投给了“权志龙”这个选项。你也快来表态吧~2018#亚洲男神#，由你决定荣耀亚洲的耀眼男神！ ​","KwonLe"
"734","#权志龙##Gdragon# 180121 【NAVER】GD相关新闻评论翻译新闻标题：“g-dragon与mixnine参加者们见面…应援决赛竞演”@GDRAGON_OFFICIAL #权志龙绝对吸引力# 新闻内容🔗http://t.cn/RQlESTn韩翻byAA转载请注明g-dragon吧 ​","vv-薇-vv"
"735","#权志龙# 要不要这么可爱[好爱哦]撒浪嘿[心]撒浪撒浪撒浪[亲亲][爱你]不要这样[笑cry]秒拍视频 ​","Kaylorniss"
"736",":权志龙2018综艺首秀！突袭参加YG综艺《Mixnine》G-Dragon突袭访问了20日《Mixnine》的拍摄现场，为正在准备决赛舞台的选手们应援。G-Dragon还准备了零食为选手们充电，并为练习生们传授了舞台Manner等必要技巧。（ps：该综艺就是YG通过该节目探访韩国50多个企划社发掘新的艺人的综艺）#权志龙# ​","四七儿o"
"737",":#权志龙# 原来是在这里哈哈哈哈可爱的小哥哥 ​","_iuzz"
"738",":#权志龙##Gdragon# 180121 【NAVER】GD相关新闻评论翻译新闻标题：“g-dragon与mixnine参加者们见面…应援决赛竞演”@GDRAGON_OFFICIAL #权志龙绝对吸引力# 新闻内容🔗http://t.cn/RQlESTn韩翻byAA转载请注明g-dragon吧 ​","g-dragon吧"
"739",":6年后等你们再次合体唱谎言和一天一天[爱心]️希望那天我在现场[爱心]️G-DRAGON (权志龙)《거짓말 (谎言) (Live)》 거짓말 @QQ音乐 ​","Got7今天拿一位了吗"
"740",":希望有生之年可以看到权志龙和野田洋次郎合作哈哈哈哈哈一脸痴笑 [二哈] ​","左拉图o"
"741",":#林俊杰演唱会##李小璐#权志龙好想你哦看了首尔吉隆坡之后更想你了好想去台北可是机票太贵了以后要挣很多钱去看你 ​","旋如璇"
"742",":#权志龙##Gdragon#  笑着唱歌的样子果然很可爱啊[太开心]伸伸胳膊伸伸腿~！[亲亲]@GDRAGON_OFFICIAL  [心] cr.heartkiel G_DRAGON_FAN_的秒拍视频 ​","G_DRAGON_FAN_"
"743",":#权志龙# 15年的夜店龙[跪了][跪了]【权志龙视频】【权志龙夜店】不知出处侵删 龙瑜_的秒拍视频 ​","龙瑜_"
"744",":#权志龙#  GD啊，拜托现在立刻马上出发去巴黎吧，真的真的好想你@GDRAGON_OFFICIAL  [泪] ​","GD小可"
"745",":#权志龙#演唱会结束后 粉丝在场外合唱GD歌曲SUYIQXXXI的秒拍视频 ​","BIGBANG爆炸会"
"746",":#权志龙#鸡涌超会模仿忙内，我龙怎么那么可爱啊cr.logo.(r)秒拍视频 ​ ​​​​","权志龙全球粉丝会"
"747",":自从志龙君剪了头发 就时常想象着他穿上西装做伴郎的样子 心动的无以复加 又要单方面的陷入爱情了像这样[下]🏻@GDRAGON_OFFICIAL #权志龙# 加拿大 ​","Fannnnnn欧尼"
"748","#权志龙# 玩游戏累得快虚脱 躺在地上用力喘气的样子也好迷人[可怜]话筒随着呼吸在小蛮腰上一上一下[羞嗒嗒]@GDRAGON_OFFICIAL LoyaltoG的秒拍视频  cr.vitadolce_rose ​","奶香味龍"
"749",":希望中国也出现个权志龙一样优秀的人为你什么风格的音乐配什么妆和衣服的习惯[赞]因为I WANNA GET LOVE是性感的所以才这么妖的呀，妆才浓啊但是没有妆也很帅啊笑起来很可爱啊作词作曲编舞很优秀啊他才98年啊加油！ 日本·东京 ​","我不是假假是真真"
"750",":和权志龙谈恋爱的梦导致我现在都不想起床 一度想要重新睡着[悲伤] ​","yokomoonk"
"751",":@GDRAGON_OFFICIAL  我在#明星ALL榜#上为你加油啦，你是我今生唯一的执著哦。#权志龙# 棒棒哒！@超级应援 明星ALL榜 ​","Dragon宝88818"
"752",":我参与了@徐峰立 发起的投票 【谁的眼镜造型最好看？】，我投给了“权志龙”这个选项。你也快来表态吧~谁的眼镜造型最好看？ ​","SOBER小绅士"
"753",":我参与了@徐峰立 发起的投票 【谁的眼镜造型最好看？】，我投给了“权志龙”这个选项。你也快来表态吧~谁的眼镜造型最好看？ ​","傲娇龙妻"
"754",":我参与了@徐峰立 发起的投票 【谁的眼镜造型最好看？】，我投给了“权志龙”这个选项。你也快来表态吧~谁的眼镜造型最好看？ ​","御姐范的0818权"
"755",":伸手笑的那一瞬间  妈惹 心都化了[跪了]#权志龙等你回来##一骑绝尘权志龙# xxxVibgdrgn的秒拍视频 ​","xxxVibgdrgn"
"756",":#权志龙##Gdragon##Missing You-权志龙[音乐]#日常想念我的龙~missing you@GDRAGON_OFFICIAL ​","韶华有你幸之"
"757",":我参与了@徐峰立 发起的投票 【谁的眼镜造型最好看？】，我投给了“权志龙”这个选项。你也快来表态吧~谁的眼镜造型最好看？ ​","理查德的香肠女孩"
"758",":我参与了@当代娱乐 发起的投票 【2018#亚洲男神#，由你决定荣耀亚洲的耀眼男神！】，我投给了“权志龙”这个选项。你也快来表态吧~2018#亚洲男神#，由你决定荣耀亚洲的耀眼男神！ ​","acagd"
"759","[并不简单] ​","我头像是个硬币但我不是选择恐惧"
"760","#权志龙# 新造型帅帅[憧憬][憧憬][憧憬]@GDRAGON_OFFICIAL via xSeoulDragonx ​","志龙心窝窝里全是小小"
"761",":权志龙！糟糠之妻到底做错了什么！ ​","KWONJIYONGbebe"
"762",":#权志龙# iye呀，你怎么胖成这副样子了[允悲][允悲] ​","PEACE权"
"763",":我姐跟我说，她同学的妈妈喜欢权志龙跟胜利[熊猫] ​","张子冫"
"764",":傻fufu龙崽[亲亲][亲亲][亲亲]早安哦@GDRAGON_OFFICIAL #权志龙# ​","沙漏的微雪"
"765","#权志龙# 15年的无挑歌谣祭欧巴简直男友力爆表~！除了在私下发短信默默关心光熙、为他量身打造歌曲，舞台也处处照顾他外，在这之前的选择环节也苏到让人尖叫！太阳站起来给亨敦捧场 没想到最后亨敦用了挨个推人的激烈淘汰方式[笑cry]这时就明显看出来GD欧巴因为意料之外的展开开始替队友紧张了 瞬间站起来想去把他拉回来 这种条件反射般的保护人的感觉man爆了肿么破~！！[抓狂]欧巴真的超善良der！还有最后挑人时，队友向他征询意见，欧巴超苏的说了一句：你自己做决定吧～温柔又照顾人 太苏了！！[泪][泪][泪]【Re-upload video 23】@GDRAGON_OFFICIAL #一骑绝尘权志龙# 【权志龙视频】【权志龙综艺】 http://t.cn/RQlD6w6","Moncy_G"
"766",":#BIGBANG##权志龙# wawa_seoul_soul INS ​​​相关，早上好呀龙宝[心]@GDRAGON_OFFICIAL  [爱你][爱你][爱你] ​","天使般笑容的QZL"
"767","[并不简单] ​","Estelle_Luo"
"768",":#mixnine##权志龙#  期待鸡涌出场💕 祈祷宋宝宝出道[笑而不语] ​","少年龙啊"
"769",":#权志龙##x起义·2018# 会拉小提琴  会弹钢琴  会弹吉他  会作词  会作曲  会唱rap  会唱vocal ……什么都会秒拍视频 ​(v)cr.logo ​","韩都衣舍G-Dragon粉丝团"
"770",":一大早来欣赏一下这哥的美颜[心][心]#权志龙# ​","SuperSuperGDragon"
"771","171223 BIGBANG LAST DANCE IN OSAKA 大阪演唱会 GD高清5P～ 香草味道的志龙 [心] #GD##权志龙# @GDRAGON_OFFICIAL ​","MERCI-GD"
"772",":#权志龙#180121 2017年GD演唱会高清饭拍9P[蓝心][爱心]️ 早安 ​","BIGBANG爆炸会"
"773",":#权志龙# 早安  权@GDRAGON_OFFICIAL ​","G-Dxxxxxxxx"
"774",":喜欢死#权志龙# 这个后脑勺了🙊🙊 ​","柠檬檬不太酸"
"775",":这大概是我离权先生最近的一次 接毛巾都可以这么帅[色][色]大清早突然开始想念权老师 距离见他不过过了22天…… 老了老了 @GDRAGON_OFFICIAL #BIGBANG##权志龙# xxxTon-G的秒拍视频 ​","xxxTon-G"
"776",":#权志龙##日常表白志龙# 早安呀@GDRAGON_OFFICIAL  [心] ​","养猪达人KJY"
"777",":#权志龙##x起义·2018#  就爱看他笑，他笑我就开心，希望他永远这样开心下去。他的笑能传染！秒拍视频 ​​​(v)cr.logo ​","韩都衣舍G-Dragon粉丝团"
"778",":#权志龙##x起义·2018#  真的好想去龙哥的艺术展览馆去看看啊，款爷好可爱之后上保险那里我笑了秒拍视频 ​​​(v)cr.logo ​","韩都衣舍G-Dragon粉丝团"
"779",":#权志龙##x起义·2018#  什么叫好朋友——就是拍照时扮丑来衬托你的帅秒拍视频 ​(v)cr.logo ​","韩都衣舍G-Dragon粉丝团"
"780",":#权志龙##x起义·2018#  15年的无挑歌谣祭欧巴简直男友力爆表~！除了在私下发短信默默关心光熙、为他量身打造歌曲，舞台也处处照顾他外，在这之前的选择环节也苏到让人尖叫！太阳站起来给亨敦捧场 没想到最后亨敦用了挨个推人的激烈淘汰方式[笑cry]这时就明显看出来GD欧巴因为意料之外的展开开始替队友紧张了 瞬间站起来想去把他拉回来 这种条件反射般的保护人的感觉man爆了肿么破~！！[抓狂]欧巴真的超善良der！还有最后挑人时，队友向他征询意见，欧巴超苏的说了一句：你自己做决定吧～温柔又照顾人 太苏了！！[泪][泪][泪]【Re-upload video 23】@GDRAGON_OFFICIAL #一骑绝尘权志龙# 【权志龙视频】【权志龙综艺】 http://t.cn/RQlD6w6(v)文字来源于ILOVEUGD的龙窝","韩都衣舍G-Dragon粉丝团"
"781",":#权志龙##x起义·2018#  出场的一瞬间吊炸了简直[崩溃]   舞台效果满分[噢耶]  龙哥当之无愧舞台上的王者[赞]秒拍视频 ​(v)cr.logo ​","韩都衣舍G-Dragon粉丝团"
"782",":#权志龙##x起义·2018# 真的真的是超级喜欢IF YOU ，尤其是这场!!啊不行，激动死了，好不容易找到的。特别特别特别帅的权小队啊啊 ！ （v）PEACE权的秒拍视频 ​ ​​​​","韩都衣舍G-Dragon粉丝团"
"783",":// #QQ看点#【权志龙登上韩国英语教科书!】近日，爆出权志龙的事迹被写在了韩国英语课文上。课文翻译G-D......http://t.cn/RQYfwCT ​","GDragon-zelo-lyh"
"784",":#权志龙##gdragon# 对于体力不是强项的宝宝来说，这已经非常努力了[偷笑][偷笑]  cr.vitadolce_rose  LoyaltoG的秒拍视频 ​","春山如笑_付付"
"785","【naver】#权志龙# 与#MIXNINE#  参赛者们见面...应援最终公演 ​​​","8XZ7lI"
"786",":我在@Owhat 参与@g-dragon吧 权志龙入伍应援和入伍前个人日常存钱罐，我应援了8元，有744人参与了，已经完成85.7%！快来一起支持O~ http://t.cn/RHNy9DO ​","阿龙叔叔与甜豆浆_"
"787",":#权志龙# 馋龙我就知道你不会放过分给粉丝的糖秒拍视频 ​cr.(p).logo ​ ​​​​","权志龙全球粉丝会"
"788",":ggg000那年我因她而喜欢蓝莓味的优酸乳！今年我因她而选择做权志龙的粉丝！今天我因我自己的自私与她分手！ 经典歌曲回忆录的秒拍视频 ​","待你白发以及腰白头偕老"
"789","#权志龙# 我不羡慕 真的[微笑][微笑] ​cr.logo ​","Ruby_GGGG"
"790",":#权志龙##G-DRAGON# 脱衣服贼霸气 半夜睡不着什么的最适合刷权先生了越刷越精神了[允悲][允悲][允悲] 秒拍视频 ​","等jiyong"
"791",":#权志龙#我龙哥实力  百看不厌 好想变成话筒  蜜汁玛丽大叔的秒拍视频 ​cr.(p).logo ​ ​​​​","权志龙全球粉丝会"
"792",":权志龙在演唱会上环顾四周的粉丝，那傲娇的小眼神好温暖，最后那个笑容简直酥死了。http://t.cn/RtAtJIK ​","Pugss瑞舒舒"
"793","[并不简单] ​","王文玮38"
"794",":吴之无[鼓掌] 权志龙 权志龙哥哥喝醉酒后，原来是这么的奶声奶气的啊！（P）ILOVEUGD的龙窝的秒拍视频 ​","拾捌目心518"
"795",":我好想你啊.[悲伤][悲伤]我最喜欢你啦晚安志龙#权志龙# @GDRAGON_OFFICIAL ​","嘻权志龙"
"796",":#权志龙#  权小孩儿  晚安  #权世界最好的权志龙# ​","candy-明瑞"
"797","[并不简单] ​","动感-蜡笔"
"798",":#权志龙#真的真的是超级喜欢IF YOU ，尤其是这场!!啊不行，激动死了，好不容易找到的。特别特别特别帅的权小队啊啊 ！ （L）PEACE权的秒拍视频 ​ ​​​​","权志龙全球粉丝会"
"799",":#权志龙# 那个让你在深夜里静悄悄的想念的人才是你一生挚爱吧[心]想你@GDRAGON_OFFICIAL 上海·陆家嘴（商圈） ​","REPLY1988peaceminusone"
"800",":G-DRAGON (权志龙)/김윤아 (金润雅)《Missing You》Missing You @QQ音乐 Missing You ​","蜗宝妞儿"
"801",":【去年今日】Bigbang香港十周年终场[心]思念我龙#权志龙##BIGBANG# 志龙的努娜的秒拍视频 ​","志龙的努娜"
"802",":【去年今日】Bigbang香港十周年终场[心]思念你们#权志龙##BIGBANG# 志龙的努娜的秒拍视频 ​","志龙的努娜"
"803",":#一骑绝尘权志龙##权志龙chanel全球形象大使##权世界最好的权志龙##向全世界安利权志龙# 我的权世界[心] ​","月大可爱嘻嘻嘻"
"804",":少年啊#手机壁纸##权志龙##权志龙，让我拿你怎么办?# ​","艾迎的壁纸间"
"805","#权志龙# 171230 首尔 《Bullshit》GD高清饭拍底下妹子们应援太给力了[二哈]欧巴超帅der！！夜晚来临 要一起来狂欢吗？[酷]@GDRAGON_OFFICIAL #G-Dragon# #GDragon# cr.logo【权志龙视频】【权志龙演唱会现场】【权志龙作词作曲】 ILOVEUGD的龙窝的秒拍视频 ​","Grace晴美"
"806",":#权志龙# 权小孩我好想你，你什么时候回来😐 朋友被我带着看你以前的综艺都上瘾了，偶尔怀念以前的你，又疯狂思念现在的你，因为我不知道你到底过的好不好。 ​","G-yolkbreaD"
"807",":#权志龙#  GD啊，拜托现在立刻马上出发去巴黎吧，真的真的好想你@GDRAGON_OFFICIAL  [泪] ​","GD小可"
"808",":#权志龙#演唱会结束后 粉丝在场外合唱GD歌曲SUYIQXXXI的秒拍视频 ​","BIGBANG爆炸会"
"809",":#权志龙#鸡涌超会模仿忙内，我龙怎么那么可爱啊cr.logo.(r)秒拍视频 ​ ​​​​","权志龙全球粉丝会"
"810",":自从志龙君剪了头发 就时常想象着他穿上西装做伴郎的样子 心动的无以复加 又要单方面的陷入爱情了像这样[下]🏻@GDRAGON_OFFICIAL #权志龙# 加拿大 ​","Fannnnnn欧尼"
"811","#权志龙# 玩游戏累得快虚脱 躺在地上用力喘气的样子也好迷人[可怜]话筒随着呼吸在小蛮腰上一上一下[羞嗒嗒]@GDRAGON_OFFICIAL LoyaltoG的秒拍视频  cr.vitadolce_rose ​","奶香味龍"
"812",":希望中国也出现个权志龙一样优秀的人为你什么风格的音乐配什么妆和衣服的习惯[赞]因为I WANNA GET LOVE是性感的所以才这么妖的呀，妆才浓啊但是没有妆也很帅啊笑起来很可爱啊作词作曲编舞很优秀啊他才98年啊加油！ 日本·东京 ​","我不是假假是真真"
"813",":和权志龙谈恋爱的梦导致我现在都不想起床 一度想要重新睡着[悲伤] ​","yokomoonk"
"814","[并不简单] ​","咔咔寿天津省代"
"815","#权志龙#哥哥的100件事  ​","Qiuvia"
"816","#权志龙# wawa_seoul_soul INS ​","G兔D"
"817",":#权志龙# 今天也为哥哥打call，真的不想哥哥去部队啊…可是哥哥也的确到了年纪，一定要照顾好自己，我一定会保护好你的，今天，也很爱你，爱的快要死掉了@GDRAGON_OFFICIAL ​","你主义"
"818",":#权志龙#作为一个女生看到我们哥这扭的都有点受不了了！怎么可以这么柔软！这哥真是啥都会，而且还做的那么好让我们陷入这魅力完全无法自拔！权志龍-FOREVER的秒拍视频 #X起义·2018#（D） cr：logo ​ ​​​​","权志龙全球粉丝会"
"819",":#权志龙# 前十秒实在太撩了！无法抵抗，这小腰和顶胯杀伤力破表，毫无承受能力一言不合就顶胯，这个，我喜欢哟秒拍视频 ​​​​","BIGBANG新动态"
"820",":终于get到龙哥同款滤镜[病毒][好]@GDRAGON_OFFICIAL #权志龙# ​","xxxibgdrgn-82"
"821",":被蔡徐坤 王子异  农农 圈粉。当时快男热播的时候 杨甜甜猜我肯定喜欢养鸡事实上就是这样 当时最喜欢养鸡了其实看权志龙是个什么样的人 大概就知道我喜欢什么样的人了哈哈哈哈哈哈 风格一直很固定这次看偶像练习生也是 蔡徐坤之前在星动亚洲就注意到他了 王子异那种痞帅痞帅的气质很吸引人啊 农农真的超级可爱 冰淇淋一般的男生 笑起来超级甜 [爱你][爱你]","EVaN宁一"
"822",":权志龙在演唱会上环顾四周的粉丝，那傲娇的小眼神好温暖，最后那个笑容简直酥死了。http://t.cn/RtAtJIK ​","小玩子泡泡勇"
"823",":【权志龙】赖床的小日常 志龙的十月 #哔哩哔哩# 【权志龙】赖床的小日常小胡子是什么意思 ​","QuorraZ屮Q"
"824",":Day-12 一个最爱的广告片  八秒&小香，不为别的，只因龙的颜，爱死顺毛龙的造型#权志龙# ​","海上之晴天"
"825",":#权志龙##一骑绝尘权志龙# 真的超级好听啊[心]就当是新歌撸吧[偷笑][偷笑][偷笑]cr logo ​","TG_CHLOE0418"
"826",":#权志龙# 换了个bgm 调慢了一丢丢[污] 大晚上就是要谷欠 不知道是来往哪里的车 但是我希望今晚梦到你@GDRAGON_OFFICIAL ᴄʀ.ᴠɪᴛᴀᴅᴏʟᴄᴇ_ʀᴏsᴇ AllForGDForever的秒拍视频 ​","AllForGDForever"
"827",":#权志龙# GD高清饭拍 HQ9P@GDRAGON_OFFICIAL #GDragon# cr.logo【权志龙高清图片壁纸】 【权志龙头像】 【权志龙发型】 ​​​【权志龙时尚】 ​","ILOVEUGD的龙窝"
"828",":等不到你结婚了哈哈#权志龙，我爱你# 陇南·角弓镇 ​","转_转__"
"829",":#权志龙# 真的好想去龙哥的艺术展览馆去看看啊，款爷好可爱之后上保险那里我笑了秒拍视频 ​","bigbang地带"
"830",":#权志龙# 今日已更新～[太开心]@GDRAGON_OFFICIAL #GDragon# ​","ILOVEUGD的龙窝"
"831",":#权志龙# 出场的一瞬间吊炸了简直[崩溃]   舞台效果满分[噢耶]  龙哥当之无愧舞台上的王者[赞]秒拍视频 ​","bigbang地带"
"832",":这又是什么操作 继上次宋慧乔和宋仲基婚礼之后 这次是权志龙私人派对 还有太阳的婚礼[允悲] 现在的黄牛都这么厉害了吗[允悲]服了服了 都不认识 去了干嘛[笑cry] ​","爱咋咋地7777"
"833",":#权志龙# 还是需要人哄的宝宝hhh太可爱了 玩这个游戏机 最后时刻掉下来了hhhhhh奶声奶气 可爱死hhhhhhhh 晚安啦～[心] AllForGDForever的秒拍视频 ​","AllForGDForever"
"834",":看来权志龙马上要宠幸Celine了 口合口合口合 ​","gxxdshangwo"
"835",":#权志龙##x起义·2018#   权志龙广告视频，拍个广告真的都帅的不得了，你真的是够了。[允悲][允悲] cr.logo.( r) PEACE权的秒拍视频 ​","韩都衣舍G-Dragon粉丝团"
"836",":#权志龙##x起义·2018# 50秒高能预警，控制好鼻血[羞嗒嗒][羞嗒嗒] cr.logo.( r)PEACE权的秒拍视频 ​","韩都衣舍G-Dragon粉丝团"
"837",":#权志龙##x起义·2018# 欧巴那句“我们一定要在相聚” 哭了cr.logo.( r)秒拍视频 ​​​​","韩都衣舍G-Dragon粉丝团"
"838",":#权志龙##x起义·2018#  一个喝醉了的小哥哥[红心]cr.logo.( r) 欧巴欧尼都要好好的的秒拍视频 ​","韩都衣舍G-Dragon粉丝团"
"839",":#权志龙##x起义·2018#  玩游戏累得快虚脱 躺在地上用力喘气的样子也好迷人[可怜]话筒随着呼吸在小蛮腰上一上一下[羞嗒嗒]@GDRAGON_OFFICIAL LoyaltoG的秒拍视频  cr.vitadolce_rose ​.( r) ​","韩都衣舍G-Dragon粉丝团"
"840",":#权志龙#会拉小提琴  会弹钢琴  会弹吉他  会作词  会作曲  会唱rap  会唱vocal ……什么都会秒拍视频 ​","BIGBANG爆炸会"
"841",":#权志龙##x起义·2018# 擦个汗都那么帅[拜拜]好了哥哥你够了，小公举擦个汗都这么妖孽~转~ cr.logo.( r)秒拍视频 ​","韩都衣舍G-Dragon粉丝团"
"842",":好了好了幸亏看过@那对夫妻KimNico 的视频不然得被你套路死🐽@權志龍現女友 ​","-zin"
"843","[蓝心] 권지용 [蓝心]#NumberG# ​","17Redemption"
"844","我发表了头条文章:《解析权志龙神曲》 解析权志龙神曲 ​","桠戈布"
"845","抱歉，此微博已被作者删除。查看帮助：http://t.cn/Rfd3rQV","权世间只有一个龙"
"846",":#权志龙#  我在@超级星饭团 给 @GDRAGON_OFFICIAL 道了一句晚安，悠悠的祝福，暖暖的问候，愿你拥有甜甜的美梦...... 晚安龙宝[月亮][心][心][心]@GDRAGON_OFFICIAL  [爱你][爱你][爱你] ​","天使般笑容的QZL"
"847","[蓝心] 권지용 [蓝心]#NumberG# ​","傻傻权818"
"848",":#权志龙##x起义·2018#   你们见到他的话会想说什么呢？其实南韩粉丝真的是很幸福，YG重心也一直在日本，究竟什么时候我能见到你呢，第一句话应该对你说什么呢？辛苦了吗？ cr.logo.( r)PEACE权的秒拍视频 ​","韩都衣舍G-Dragon粉丝团"
"849",":这里下雪了哥哥❄❄这场雪来的好晚。想你。[心]#权志龙，我爱你# @GDRAGON_OFFICIAL 天津·河北工业大学 ​","yangying杨小颖"
"850","[并不简单] ​","我是望月1987"
"851","#权志龙# 我不羡慕 真的[微笑][微笑] ​cr.logo ​","Ruby_GGGG"
"852",":#权志龙#我龙哥实力  百看不厌 好想变成话筒  蜜汁玛丽大叔的秒拍视频 ​cr.(p).logo ​ ​​​​","权志龙全球粉丝会"
"853",":权志龙在演唱会上环顾四周的粉丝，那傲娇的小眼神好温暖，最后那个笑容简直酥死了。http://t.cn/RtAtJIK ​","Pugss瑞舒舒"
"854","[并不简单] ​","王文玮38"
"855",":吴之无[鼓掌] 权志龙 权志龙哥哥喝醉酒后，原来是这么的奶声奶气的啊！（P）ILOVEUGD的龙窝的秒拍视频 ​","拾捌目心518"
"856","[并不简单] ​","兰若初2013411"
"857",":我好想你啊.[悲伤][悲伤]我最喜欢你啦晚安志龙#权志龙# @GDRAGON_OFFICIAL ​","嘻权志龙"
"858",":#权志龙#  权小孩儿  晚安  #权世界最好的权志龙# ​","candy-明瑞"
"859",":#权志龙#真的真的是超级喜欢IF YOU ，尤其是这场!!啊不行，激动死了，好不容易找到的。特别特别特别帅的权小队啊啊 ！ （L）PEACE权的秒拍视频 ​ ​​​​","权志龙全球粉丝会"
"860",":#权志龙# 那个让你在深夜里静悄悄的想念的人才是你一生挚爱吧[心]想你@GDRAGON_OFFICIAL 上海·陆家嘴（商圈） ​","REPLY1988peaceminusone"
"861",":#权志龙##宣誓!我会等着权志龙# 晚安[月亮][心][心][心]@GDRAGON_OFFICIAL ​","bxtogetherGD"
"862","[并不简单] ​","慧欧巴潮流贩售"
"863",":G-DRAGON (权志龙)/김윤아 (金润雅)《Missing You》Missing You @QQ音乐 Missing You ​","蜗宝妞儿"
"864",":【去年今日】Bigbang香港十周年终场[心]思念你们#权志龙##BIGBANG# 志龙的努娜的秒拍视频 ​","志龙的努娜"
"865",":少年啊#手机壁纸##权志龙##权志龙，让我拿你怎么办?# ​","艾迎的壁纸间"
"866","#权志龙# 171230 首尔 《Bullshit》GD高清饭拍底下妹子们应援太给力了[二哈]欧巴超帅der！！夜晚来临 要一起来狂欢吗？[酷]@GDRAGON_OFFICIAL #G-Dragon# #GDragon# cr.logo【权志龙视频】【权志龙演唱会现场】【权志龙作词作曲】 ILOVEUGD的龙窝的秒拍视频 ​","Grace晴美"
"867","难道这样戴不对吗？#中字#外国快手系列的秒拍视频 ​","仓鼠哒哒哒"
"868","【八组热议】八组鹅问追星少女们一般多久会爬墙[允悲] ​","别看了搞合资的"
"869",":《SBS歌谣大战群星合唱，IU最美最养眼，权志龙最惊艳最帅》http://t.cn/RQYzgRK ​","san-ny"
"870",":#权志龙壁纸#请问哪位家人有这张的高清🙈🙈 ​","理直气壮的卷毛233"
"871",":#权志龙图片# [黄心] #权志龙壁纸# [花痴] #权志龙# 眼神[羞嗒嗒][羞嗒嗒][羞嗒嗒]@GDRAGON_OFFICIAL 【权志龙发型】【权志龙壁纸无水印】 ​","G_Dyong"
"872",":仔细想想这几年唯一坚持的就是喜欢权志龙和身边陪伴的那几个人[心] ​​​","FAIRY_OFFICIAL_"
"873","一万个推荐!!!!!!也太好看了吧!!!!!! ​","就当我忘了吧-"
"874",":#一骑绝尘权志龙##权志龙# 可爱的龙龙，日常表白[心][心][心] ​","Swag少女味"
"875","#权志龙#哥哥的100件事  ​","Qiuvia"
"876","#权志龙# wawa_seoul_soul INS ​","G兔D"
"877",":#权志龙# 今天也为哥哥打call，真的不想哥哥去部队啊…可是哥哥也的确到了年纪，一定要照顾好自己，我一定会保护好你的，今天，也很爱你，爱的快要死掉了@GDRAGON_OFFICIAL ​","你主义"
"878",":#权志龙#作为一个女生看到我们哥这扭的都有点受不了了！怎么可以这么柔软！这哥真是啥都会，而且还做的那么好让我们陷入这魅力完全无法自拔！权志龍-FOREVER的秒拍视频 #X起义·2018#（D） cr：logo ​ ​​​​","权志龙全球粉丝会"
"879",":终于get到龙哥同款滤镜[病毒][好]@GDRAGON_OFFICIAL #权志龙# ​","xxxibgdrgn-82"
"880",":被蔡徐坤 王子异  农农 圈粉。当时快男热播的时候 杨甜甜猜我肯定喜欢养鸡事实上就是这样 当时最喜欢养鸡了其实看权志龙是个什么样的人 大概就知道我喜欢什么样的人了哈哈哈哈哈哈 风格一直很固定这次看偶像练习生也是 蔡徐坤之前在星动亚洲就注意到他了 王子异那种痞帅痞帅的气质很吸引人啊 农农真的超级可爱 冰淇淋一般的男生 笑起来超级甜 [爱你][爱你]","EVaN宁一"
"881",":权志龙在演唱会上环顾四周的粉丝，那傲娇的小眼神好温暖，最后那个笑容简直酥死了。http://t.cn/RtAtJIK ​","小玩子泡泡勇"
"882","【naver】#权志龙# 与#MIXNINE#  参赛者们见面...应援最终公演 ​​​","AmonologueZT"
"883",":【权志龙】赖床的小日常 志龙的十月 #哔哩哔哩# 【权志龙】赖床的小日常小胡子是什么意思 ​","QuorraZ屮Q"
"884",":Day-12 一个最爱的广告片  八秒&小香，不为别的，只因龙的颜，爱死顺毛龙的造型#权志龙# ​","海上之晴天"
"885","[并不简单] ​","一苇渡江岁月"
"886",":#权志龙# 换了个bgm 调慢了一丢丢[污] 大晚上就是要谷欠 不知道是来往哪里的车 但是我希望今晚梦到你@GDRAGON_OFFICIAL ᴄʀ.ᴠɪᴛᴀᴅᴏʟᴄᴇ_ʀᴏsᴇ AllForGDForever的秒拍视频 ​","AllForGDForever"
"887",":#权志龙# GD高清饭拍 HQ9P@GDRAGON_OFFICIAL #GDragon# cr.logo【权志龙高清图片壁纸】 【权志龙头像】 【权志龙发型】 ​​​【权志龙时尚】 ​","ILOVEUGD的龙窝"
"888",":等不到你结婚了哈哈#权志龙，我爱你# 陇南·角弓镇 ​","转_转__"
"889",":#权志龙# 真的好想去龙哥的艺术展览馆去看看啊，款爷好可爱之后上保险那里我笑了秒拍视频 ​","bigbang地带"
"890",":#权志龙# 今日已更新～[太开心]@GDRAGON_OFFICIAL #GDragon# ​","ILOVEUGD的龙窝"
"891","[并不简单] ​","爱小爱1314"
"892",":这又是什么操作 继上次宋慧乔和宋仲基婚礼之后 这次是权志龙私人派对 还有太阳的婚礼[允悲] 现在的黄牛都这么厉害了吗[允悲]服了服了 都不认识 去了干嘛[笑cry] ​","爱咋咋地7777"
"893",":#权志龙# 还是需要人哄的宝宝hhh太可爱了 玩这个游戏机 最后时刻掉下来了hhhhhh奶声奶气 可爱死hhhhhhhh 晚安啦～[心] AllForGDForever的秒拍视频 ​","AllForGDForever"
"894","[并不简单] ​","李小轩Boey"
"895",":#权志龙# 晚安志龙阿[蓝心]🐲@GDRAGON_OFFICIAL [月亮] ​","BALAONLYJIYONG"
"896",":#权志龙##x起义·2018# 50秒高能预警，控制好鼻血[羞嗒嗒][羞嗒嗒] cr.logo.( r)PEACE权的秒拍视频 ​","韩都衣舍G-Dragon粉丝团"
"897",":可以说是很青涩了[吃瓜][吃瓜][吃瓜]比心心[心]#权志龙# ​","黎太院小鬼绅士cheng"
"898",":YG选秀综艺Mixnine下周收官！杨老板请来收拾的保障#权志龙# 与#Mixnine# 参赛者见面，为决赛应援！[憧憬]GD惊喜访问了20日进行的mixnine录制现场，为准备决赛舞台的参赛者们应援[鼓掌]超期待好久没有在电视上露面的三岁宝宝，VIP們期待嗎？[酷]@GDRAGON_OFFICIAL ​​​","陳懟懟啊"
"899",":权三岁寶寶來了[允悲]@GDRAGON_OFFICIAL  #权志龙# ​","陳懟懟啊"
"900",":#权志龙# 15年的无挑歌谣祭欧巴简直男友力爆表~！除了在私下发短信默默关心光熙、为他量身打造歌曲，舞台也处处照顾他外，在这之前的选择环节也苏到让人尖叫！太阳站起来给亨敦捧场 没想到最后亨敦用了挨个推人的激烈淘汰方式[笑cry]这时就明显看出来GD欧巴因为意料之外的展开开始替队友紧张了 瞬间站起来想去把他拉回来 这种条件反射般的保护人的感觉man爆了肿么破~！！[抓狂]欧巴真的超善良der！#X起义·2018#（E）cr:logo http://t.cn/RQlD6w6","韩都衣舍G-Dragon粉丝团"
"901",":#权志龙# 龙龙这柔软的身体，迷人的舞姿，在加上那么近的距离看，天哪，我的心脏#X起义·2018#（Ｄ）cr:logo 秒拍视频 ​","韩都衣舍G-Dragon粉丝团"
"902","#权志龙##GD##权志龙的权世界# 「Fxxk it」MV拍摄花絮[噢耶]绿毛龙这件彩虹大衣超级心水啊，玩游戏玩的好开心的说，拿鸡蛋敲胜利脑袋那一下可真没客气[笑cry]默默心疼忙内一秒钟，然后……[偷笑][偷笑][偷笑]论欺负忙内，我只服权leader[哈哈][哈哈](via.xxgd_bbxx) 秒拍视频 . ​","权志龍-FOREVER"
"903",":#权志龙# 160101北京fm一个认真写毛笔字的可爱boycr Fuck Swag 权可爱的欢喜的秒拍视频 ​","权可爱的欢喜"
"904",":#权志龙# @GDRAGON_OFFICIAL 🔮想穿越到未来 迫不及待跟你重逢 背着皇冠灯的你真是可爱死了🔮[星光]ᴀʙᴏᴜᴛ_ᴍɪssɪɴɢ_ʏᴏᴜ[星光][星光]永远支持您一切的决定[星光] AllForGDForever的秒拍视频 ​","AllForGDForever"
"905",":#mixnine##权志龙#mixnine收官，GD权志龙与参赛者见面，应援最终公演 ​[太开心][太开心]希望我阔耐的龙哥能出境超过五分钟[笑而不语][笑而不语] @GDRAGON_OFFICIAL 汕尾·附城镇 ​","羔冷_一九九六"
"906",":#权志龙##权志龙又帅我一脸，舞台上的王者，就是这么霸气的[好爱哦][舔屏]秒拍视频 ​","韩星排行榜"
"907",":#权志龙##权志龙chanel全球形象大使# 这个白衣哥哥是天使吧[爱你] ​","蜗牛不二一步一步向上爬"
"908",":权志龙新发型 新纹身！筹备大事中你还不快准备接招？(同步自@新浪看点)权志龙新发型+新纹身！筹备大事中你还不快准备接招？ ​","90小站微博"
"909",":@GDRAGON_OFFICIAL  我在#明星ALL榜#上为你加油啦，你是我今生唯一的执著哦。#权志龙# 棒棒哒！@超级应援 明星ALL榜 ​","Dragon宝88818"
"910","보고싶은 [鼻涕]💕#GD##GDRAGON##KWONJIYONG##지디##지드래곤##권지용##라이크유# ​","是谁家的Xiao姐姐"
"911",":这一年平淡得我以为权志龙已经入伍一年了。。 ​","志龙配牛奶GD配咖啡"
"912",":#权志龙高清无水印图片# 哥哥是在paradise city啊！贝贝结婚典礼的酒店 ​​​","权世界GD1996"
"913",":我免费围观了 @Bigbang权志龙公共主页 的回答，问题价值 9.90 元，快来一起免费围观~ <br />微博问答:我是权志龙的忠实粉丝，可以透露一下GD当初为什么和水原希子分手吗？他现在有女友吗？ ​","CLOUDsskim"
"914",":#三十天推歌挑战#DAY9一首让我感到开心的歌嗯 有点难选 毕竟只要#权志龙#欧巴的声音我就很开心啊[憧憬]那就推一首巨星欧巴的 SUPER STAR ​","算不如闲不如醉不如痴"
"915","【naver】#权志龙# 与#MIXNINE#  参赛者们见面...应援最终公演 ​​​","小啵闺女"
"916",":陈立农长得也太像华晨宇了吧，不过wuli农农最可爱🙈🙈🙈蔡徐康的台风莫名感觉在模仿权志龙的风格，偏娘了些不喜欢不喜欢 武汉·华中农业大学 ​","是徐三岁啊啊啊"
"917",":权志龙是集帅气 可爱 霸气 软萌 美丽于一身 ​","T-peaceminusone"
"918",":#权志龙# 是枣红马第一次画权志龙呀[心]以后也请继续努力吧[心]满足[心] 济南·段店镇 ​","枣红马红枣2014"
"919",":#权志龙# 一个喝醉了的小哥哥[红心] 欧巴欧尼都要好好的的秒拍视频 ​","欧巴欧尼都要好好的"
"920",":呜 权志龙真的消失了 香奶奶后天的高定不会去 只能在别人的ins看他 太不喜欢这种感觉了 没有权志龙的日子我已经无聊的开始看韩剧了 没有行程可以追真太难熬了 所以人生还是要磕权志龙才有趣啊[跪了] ​","要会员才能改名"
"921","“男朋友超级喜欢日系女生正常么？” ​","今天Runaway花钱了吗"
"922",":#权志龙##权志龙的权世界#都说认真工作的男人最帅，我们哥哥岂止是用一个帅字能够形容的🙈拍片时候拿着气球蹦蹦跳跳就像一个小孩子，不过酷起来的时候也能帅你一脸血[污]花痴小编的内心活动:为了不在你们的眼里看到哪怕一丁点的失望，很想演唱会上展现更好的面貌。即使是站在小舞台上我们也会通宵几个晚上练习，所以大家觉得好看我们真的感觉好幸福。你该检查你女朋友的手机，她的背景是我的脸。哥哥的话霸气又戳中泪点[噢耶][噢耶][噢耶]@GDRAGON_OFFICIAL  (via.iamkwonjiyong) http://t.cn/RQj0NdH","权志龍-FOREVER"
"923",":晚安喽 哥哥[爱你][爱你]#权志龙##一骑绝尘权志龙# @GDRAGON_OFFICIAL ​","把小心心给鸡涌欧巴"
"924","【新闻评论】标题： #G-DRAGON##权志龙# @GDRAGON_OFFICIAL 见了MIXNINE参演者……应援FINAL1. 嗷GD ㅠㅠ决赛里他要出来吗？2. 天竟然能这样在电视上看到GDㅠㅠㅠㅠ欢迎3. 天 竟然有GD不要太棒4. 天 是GD ！想见他5. 天 放送里面有GD？ㅠㅠ世上最幸福不过的事翻译：虫子  转载请注明：怪蜀黍在我家吧来源：http://t.cn/RQlanAG","花事了iiiii"
"925",":#权志龙##x起义·2018#权志龙又帅我一脸，舞台上的王者，就是这么霸气的[好爱哦][舔屏]（L）秒拍视频 ​","韩都衣舍G-Dragon粉丝团"
"926",":#权志龙##一骑绝尘权志龙# 想念我的巨星啊[心][心]@GDRAGON_OFFICIAL ​","鱼尾的猫咪"
"927",":（代售。各类明星签名照片及专辑和演唱会门票）#权志龙# 《买专辑送签名照片 》权志龙 签名专辑和 权志龙签名照片母胎 SOL O 3辑US B签名 扇子 +礼物 SOLO2二 专辑ON E OFAKIND青铜版 C D#权志龙携同名专辑回归##权志龙0818生日快乐# GD #GD#             想要得速速联系我      与音像公司合作 权志龙周边","张伟伟伟z"
"928",":权志龙呗登上了韩国的英语教科书，简直完美[鼓掌][鼓掌][鼓掌] ​","TIANQI-Ea"
"929",":#权志龙#灵活柔软的小蛮腰随便晃晃都是帅的娱乐蛮腰张的秒拍视频 ​​​​","GDRAGON_OFFICIALV_"
"930",":#权志龙# 权志龙果然舞台而生的，舞台上风格没人能模仿 cr.logo.(r)热门搞笑博主的秒拍视频 ​ ​​​​","权志龙全球粉丝会"
"931","【新闻评论】标题： #G-DRAGON##权志龙# @GDRAGON_OFFICIAL 见了MIXNINE参演者……应援FINAL1. 嗷GD ㅠㅠ决赛里他要出来吗？2. 天竟然能这样在电视上看到GDㅠㅠㅠㅠ欢迎3. 天 竟然有GD不要太棒4. 天 是GD ！想见他5. 天 放送里面有GD？ㅠㅠ世上最幸福不过的事翻译：虫子  转载请注明：怪蜀黍在我家吧来源：http://t.cn/RQlanAG","牙白鸡涌阿-"
"932","#权志龙# [爱心][爱心]@GDRAGON_OFFICIAL ​","li-Untitle"
"933",":#mixnine# YG选秀综艺Mixnine下周收官！杨老板请来收拾的保障#权志龙# 与mix参赛者见面，为决赛应援！[憧憬][憧憬][憧憬]～哇～ 可以看到我龙哥了耶～今天给你们更新，12点没出，就明天早上再来拿吧，毕竟我也是要早起上班的[泪] ​","追剧小队长"
"934","【八组热议】八组鹅问追星少女们一般多久会爬墙[允悲] ​","一只黄桦"
"935","【东亚日报】[独家] G-Dragon，与“Mixnine”选手见面……为Final竞演应援 - 歌手G-Dragon突袭访问了JTBC《Mixnine》出演者们的拍摄现场。根据东亚日报取材结果，G-Dragon突袭访问了20日《Mixnine》的拍摄现场，为正在准备决赛舞台的选手们应援。G-Dragon还准备了零食为选手们充电，并为练习生们传授了舞台Manner等必要技巧。原文：http://t.cn/RQl5RdW","GDTyeeOP-Kwon"
"936",":#权志龙# 哈哈哈  附近有龙哥的饭豆吗[哈哈][哈哈] ​","G-Dxxxxxxxx"
"937",":G-DRAGON (权志龙)《소년이여 (少年呀)》 소년이여 @QQ音乐 ​","璀璨银河繁星"
"938","【sports东亚独家】[权志龙与<MIXNINE>参加者们见面,为决赛应援]根据sports东亚的消息,#权志龙# 于20日惊喜访问了<MIXNINE>的拍摄现场,为正在准备决赛的参加者们应援.权志龙不仅为大家准备了零食,还提出了很多帮助练习生们的建议.是最暖的GD前辈了~[心] ​","peaceminuswan"
"939",":@GDRAGON_OFFICIAL  我在#明星ALL榜#上为你加油啦，你是我今生唯一的执著哦。#权志龙# 棒棒哒！@超级应援 明星ALL榜 ​","Dragon宝88818"
"940",":#一骑绝尘权志龙##权志龙# 嗯  ～ 想你 ～ 想你 ～ 想我～～[笑cry][笑cry][笑cry] ​","权先森呀"
"941","【naver】#G-Dragon# ，与#mixnine# 参加者们见面...应援最终公演 ​","龍__Wei蔚"
"942","从来没有遇见这样没有礼貌不尊重人的日本代购！！！真是特别生气[微笑]请大家评评理！我就问了一句为什么，居然骂我有病！还说我傻！我就呵呵了，你不想代不想买可以拒绝，我也可以理解，并且我全程说话态度都有礼貌，大家都是平等的，你也太不尊重人了吧？！骂人还有理了？还把我拉黑！你爸妈没教你怎么做人怎么尊重别人是吧？太没素质了！我已经举报了！我微博搜索了，也有人和我遇到类似情况。试问大家还要去找这样没素质没礼貌不会尊重人的卖家代购吗？我的事情大家引以为戒，不要被没素质的无良商家骗了！这种代购应该封杀[微笑]#日本代购# @松本太太日代 @相葉丿茶","PINNKU"
"943",":#权志龙# <LAST DANCE> IN SEOUL Talk+무제无题untitled,20@GDRAGON_OFFICIAL cr.logo g-dragon吧的秒拍视频 ​","爆炸家的LYX"
